-140.179,269.69
-140.139,269.642
-140.177,269.586
-140.062,269.502
-139.877,269.51
-139.582,269.608
-139.168,269.743
-138.869,269.852
-138.484,269.981
-138.174,270.024
-137.866,270.094
-137.57,270.159
-137.275,270.19
-136.96,270.272
-136.659,270.242
-136.445,270.231
-136.236,270.212
-136.053,270.211
-135.97,270.171
-135.99,270.115
-136.035,270.018
-136.086,270.002
-136.19,269.959
-136.174,269.922
-136.201,269.853
-136.138,269.855
-136.048,269.812
-135.963,269.778
-135.883,269.685
-135.851,269.626
-135.855,269.579
-135.797,269.546
-135.818,269.568
-135.622,269.662
-135.456,269.747
-134.9,270.288
-134.757,270.167
-134.433,270.272
-134.234,270.271
-134.054,270.325
-133.846,270.381
-133.679,270.361
-133.502,270.36
-133.36,270.371
-133.21,270.375
-133.127,270.328
-133.032,270.285
-133.022,270.186
-133.134,270.056
-133.269,269.889
-133.389,269.694
-133.432,269.563
-133.39,269.453
-133.318,269.414
-133.262,269.419
-133.244,269.425
-133.213,269.397
-133.286,269.419
-133.267,269.483
-133.282,269.537
-133.097,269.652
-132.827,269.746
-132.434,269.881
-132.062,269.981
-131.828,270.041
-131.511,270.042
-131.257,270.102
-130.983,270.091
-130.775,270.044
-130.637,270.046
-130.462,270.014
-130.394,269.979
-130.34,269.927
-130.303,269.906
-130.347,269.882
-130.372,269.843
-130.461,269.799
-130.539,269.76
-130.541,269.741
-130.481,269.729
-130.4,269.71
-130.361,269.726
-130.317,269.746
-130.299,269.736
-130.311,269.678
-130.37,269.654
-130.337,269.623
-130.331,269.609
-130.267,269.607
-130.268,269.634
-130.22,269.669
-130.198,269.718
-130.198,269.761
-130.211,269.791
-130.294,269.795
-130.347,269.758
-130.407,269.738
-130.439,269.694
-130.511,269.691
-130.432,269.757
-130.369,269.84
-130.282,269.881
-130.333,269.901
-130.363,269.868
-130.269,269.951
-130.162,270.034
-129.966,270.071
-129.783,270.142
-129.661,270.134
-129.568,270.143
-129.481,270.111
-129.443,270.128
-129.399,270.119
-129.321,270.113
-129.269,270.114
-129.176,270.126
-129.155,270.114
-129.19,270.06
-129.237,269.995
-129.262,269.971
-129.288,269.927
-129.271,269.923
-129.212,269.924
-129.193,269.927
-129.148,269.959
-129.152,269.951
-129.214,269.994
-129.262,270.015
-129.26,270.022
-129.279,270.031
-129.193,270.033
-129.13,270.049
-129.012,270.104
-128.94,270.13
-128.856,270.152
-128.907,270.162
-128.893,270.197
-128.819,270.266
-128.691,270.36
-128.497,270.439
-128.301,270.467
-128.027,270.51
-127.736,270.522
-127.452,270.552
-127.2,270.574
-127.037,270.554
-126.853,270.6
-126.644,270.635
-126.421,270.631
-126.173,270.695
-125.947,270.68
-125.703,270.676
-125.512,270.685
-125.328,270.713
-125.151,270.731
-124.902,270.78
-124.656,270.835
-124.42,270.857
-124.198,270.911
-123.966,270.917
-123.73,270.96
-123.554,271.01
-123.459,271.005
-123.3,270.97
-123.211,270.993
-123.109,271.001
-123.042,271.009
-122.958,271.037
-122.924,271.049
-122.864,271.087
-122.822,271.126
-122.761,271.132
-122.567,271.198
-122.374,271.253
-122.265,271.265
-122.024,271.315
-121.816,271.377
-121.555,271.452
-121.396,271.532
-121.176,271.589
-120.848,271.67
-120.518,271.832
-120.155,272.008
-119.812,272.083
-119.451,272.182
-119.08,272.278
-118.796,272.325
-118.423,272.36
-118.073,272.452
-117.729,272.501
-117.406,272.573
-117.05,272.609
-116.822,272.647
-116.505,272.633
-116.31,272.64
-115.998,272.712
-115.599,272.99
-115.369,273.033
-115.212,273.043
-115.11,273.055
-115.132,272.834
-115.023,272.882
-114.827,272.877
-114.644,272.86
-114.501,272.839
-114.395,272.802
-114.299,272.778
-114.234,272.781
-114.183,272.75
-114.036,272.724
-113.905,272.768
-113.673,272.773
-113.504,272.78
-113.418,272.767
-113.314,272.759
-113.271,272.802
-113.099,272.853
-112.874,272.898
-112.712,272.929
-112.493,272.898
-112.307,272.895
-112.012,272.94
-111.742,272.991
-111.483,273.023
-111.189,273.122
-110.934,273.201
-110.732,273.264
-110.427,273.285
-110.06,273.421
-109.661,273.546
-109.364,273.5
-109.075,273.559
-108.795,273.549
-108.632,273.563
-108.469,273.498
-108.243,273.484
-108.059,273.465
-107.835,273.433
-107.553,273.484
-107.337,273.537
-107.129,273.557
-106.903,273.6
-106.753,273.605
-106.574,273.594
-106.382,273.6
-106.232,273.561
-105.988,273.566
-105.765,273.579
-105.527,273.605
-105.291,273.596
-105.101,273.672
-104.967,273.674
-104.686,273.711
-104.358,273.793
-104.066,273.865
-103.766,273.854
-103.492,273.838
-103.336,273.823
-103.195,273.769
-103.053,273.757
-102.886,273.754
-102.714,273.746
-102.505,273.775
-102.332,273.773
-102.202,273.741
-102.081,273.747
-101.964,273.764
-101.823,273.747
-101.711,273.743
-101.568,273.655
-101.398,273.627
-101.188,273.6
-100.992,273.578
-100.799,273.625
-100.576,273.678
-100.384,273.759
-100.098,273.904
-99.8252,274.026
-99.5663,274.033
-99.232,274.103
-98.9908,274.105
-98.6368,274.137
-98.4059,274.132
-98.1915,274.102
-97.917,274.082
-97.6103,274.137
-97.3832,274.14
-97.082,274.15
-96.7525,274.259
-96.5029,274.322
-96.2475,274.372
-96.0418,274.371
-95.7955,274.387
-95.5815,274.404
-95.2329,274.441
-95.0342,274.467
-94.8061,274.49
-94.5457,274.523
-94.2839,274.597
-94.0942,274.662
-93.8908,274.669
-93.6854,274.643
-93.5246,274.613
-93.3021,274.59
-93.119,274.617
-92.9017,274.623
-92.6847,274.698
-92.4157,274.781
-92.1452,274.852
-91.8564,274.875
-91.6093,274.884
-91.4094,274.835
-91.2127,274.749
-91.0218,274.782
-90.7917,274.785
-90.5349,274.873
-90.3297,274.913
-90.0716,274.965
-89.7535,274.947
-89.5662,274.935
-89.2151,274.893
-88.923,274.878
-88.6205,274.879
-88.3511,274.903
-88.1552,274.965
-87.8739,275.013
-87.6574,275.095
-87.4086,275.137
-87.1044,275.185
-86.8275,275.177
-86.4788,275.128
-86.1532,275.05
-85.838,274.994
-85.5526,274.962
-85.2695,274.963
-84.9863,275.02
-84.7693,275.048
-84.5531,275.085
-84.3315,275.1
-84.0743,275.169
-83.7795,275.247
-83.4793,275.339
-83.2309,275.373
-83.0194,275.354
-82.7625,275.402
-82.643,275.398
-82.4472,275.331
-82.2603,275.358
-82.0754,275.38
-81.8635,275.371
-81.7148,275.402
-81.5752,275.381
-81.4347,275.432
-81.3529,275.431
-81.1717,275.406
-81.0132,275.424
-80.8236,275.408
-80.6132,275.424
-80.4454,275.419
-80.2862,275.456
-80.1961,275.455
-80.0699,275.477
-79.9574,275.485
-79.8578,275.505
-79.6852,275.503
-79.4978,275.515
-79.3424,275.483
-79.1332,275.518
-78.9909,275.547
-78.8303,275.54
-78.6696,275.52
-78.4914,275.5
-78.2551,275.503
-78.0715,275.524
-77.916,275.573
-77.7801,275.634
-77.594,275.707
-77.3895,275.801
-77.1237,275.852
-76.8447,275.877
-76.6599,275.875
-76.483,275.79
-76.3504,275.762
-76.221,275.805
-75.9894,275.89
-75.8372,275.991
-75.6311,276.084
-75.4142,276.172
-75.2871,276.254
-75.1434,276.237
-74.9578,276.26
-74.7847,276.27
-74.5806,276.229
-74.3287,276.233
-74.1056,276.278
-73.9282,276.284
-73.7144,276.346
-73.6161,276.413
-73.45,276.413
-73.2591,276.44
-73.0147,276.478
-72.7851,276.481
-72.5093,276.475
-72.2411,276.488
-72.1415,276.414
-71.9158,276.403
-71.7534,276.483
-71.5354,276.508
-71.3038,276.528
-71.0406,276.623
-70.7748,276.655
-70.5121,276.631
-70.2819,276.661
-70.0815,276.608
-69.9783,276.625
-69.8723,276.646
-69.7406,276.704
-69.5057,276.758
-69.2598,276.806
-69.087,276.808
-68.9324,276.745
-68.8414,276.683
-68.6503,276.641
-68.4417,276.653
-68.2909,276.668
-68.1501,276.635
-67.9552,276.699
-67.6956,276.766
-67.4998,276.868
-67.3107,276.903
-67.1086,276.929
-66.9431,276.964
-66.7709,276.952
-66.5304,276.918
-66.2769,276.96
-66.1012,276.943
-65.918,276.928
-65.7555,276.959
-65.5332,276.992
-65.2912,276.989
-65.0904,277.007
-64.9003,277.018
-64.7557,277.034
-64.5405,277.049
-64.3463,277.045
-64.1343,277.079
-63.8785,277.097
-63.6322,277.095
-63.3845,277.138
-63.2103,277.104
-63.1186,277.074
-62.9784,277.104
-62.8461,277.152
-62.6484,277.209
-62.5224,277.231
-62.3559,277.256
-62.2036,277.264
-62.0715,277.25
-61.9251,277.271
-61.7451,277.282
-61.5883,277.327
-61.3692,277.341
-61.1505,277.349
-61.0025,277.312
-60.7815,277.31
-60.5542,277.311
-60.3504,277.335
-60.0628,277.334
-59.8729,277.375
-59.6195,277.412
-59.4107,277.432
-59.2104,277.462
-58.9685,277.563
-58.7515,277.532
-58.4401,277.525
-58.1441,277.533
-57.8266,277.576
-57.5791,277.523
-57.3763,277.505
-57.1029,277.488
-56.8572,277.522
-56.6334,277.561
-56.4328,277.525
-56.1712,277.51
-55.843,277.626
-55.5654,277.662
-55.2251,277.743
-54.9426,277.791
-54.697,277.786
-54.4543,277.789
-54.1516,277.758
-53.8932,277.742
-53.5901,277.78
-53.3,277.76
-53.0426,277.767
-52.7891,277.803
-52.4479,277.899
-52.18,277.954
-51.8346,277.958
-51.4024,278.024
-51.1056,278.02
-50.7384,277.93
-50.4964,277.88
-50.1871,277.804
-49.8509,277.84
-49.5094,277.865
-49.1788,277.898
-48.9219,277.926
-48.6354,277.923
-48.4375,277.934
-48.106,277.932
-47.7196,277.896
-47.3333,277.995
-47.0494,277.963
-46.7947,278.011
-46.5775,278.006
-46.3101,278.025
-46.0148,278.061
-45.7611,278.075
-45.5021,278.089
-45.2311,278.11
-44.9975,278.19
-44.8344,278.186
-44.6565,278.264
-44.5647,278.255
-44.3703,278.279
-44.2809,278.322
-44.1043,278.33
-43.988,278.326
-43.8638,278.331
-43.6897,278.325
-43.5193,278.352
-43.3763,278.35
-43.2652,278.377
-43.1718,278.441
-43.1039,278.472
-43.0054,278.53
-42.8489,278.594
-42.6689,278.67
-42.4762,278.678
-42.3202,278.69
-42.2615,278.645
-42.0924,278.606
-41.9736,278.598
-41.7783,278.529
-41.6156,278.517
-41.4595,278.501
-41.2554,278.543
-41.0978,278.598
-40.9419,278.621
-40.8393,278.619
-40.7991,278.587
-40.7349,278.507
-40.6378,278.467
-40.4555,278.452
-40.2147,278.512
-39.9609,278.564
-39.8079,278.62
-39.7375,278.619
-39.7899,278.608
-39.8812,278.613
-39.8669,278.546
-39.7642,278.569
-39.5679,278.58
-39.3434,278.582
-39.1737,278.585
-39.0665,278.604
-38.9699,278.631
-38.9833,278.659
-38.8596,278.674
-38.7733,278.755
-38.5773,278.777
-38.45,278.818
-38.2275,278.869
-38.0632,278.873
-37.9398,278.895
-37.8766,278.849
-37.7283,278.85
-37.5995,278.83
-37.4503,278.829
-37.255,278.858
-37.1936,278.826
-37.0717,278.844
-37.0173,278.816
-36.9171,278.818
-36.8203,278.791
-36.6768,278.724
-36.6048,278.668
-36.4966,278.671
-36.3981,278.675
-36.3239,278.687
-36.2132,278.746
-36.0375,278.828
-35.9139,278.889
-35.7022,278.957
-35.5038,278.976
-35.3576,278.954
-35.1245,278.972
-34.8293,279.005
-34.6409,279
-34.4851,278.978
-34.376,278.919
-34.222,278.906
-33.8876,278.988
-33.5968,279.087
-33.3584,279.139
-33.1,279.199
-32.8843,279.23
-32.6467,279.261
-32.3857,279.26
-32.1165,279.278
-31.8842,279.267
-31.6454,279.315
-31.3807,279.332
-31.1751,279.351
-31.0014,279.37
-30.7362,279.396
-30.4955,279.411
-30.1351,279.426
-29.8703,279.441
-29.6164,279.458
-29.4685,279.422
-29.3081,279.441
-29.0848,279.456
-28.8186,279.493
-28.5459,279.535
-28.3169,279.564
-28.0189,279.562
-27.761,279.563
-27.4437,279.607
-27.2102,279.671
-26.891,279.71
-26.6619,279.711
-26.3788,279.755
-26.1162,279.814
-25.781,279.851
-25.4593,279.839
-25.0702,279.905
-24.8648,279.831
-24.5648,279.888
-24.3014,279.921
-23.9771,279.987
-23.6267,280.071
-23.3166,280.131
-22.9563,280.175
-22.683,280.187
-22.4379,280.109
-22.1376,280.111
-21.8975,280.145
-21.6543,280.117
-21.4541,280.127
-21.2504,280.098
-21.0713,280.095
-20.8936,280.109
-20.6521,280.108
-20.4117,280.094
-20.2131,280.069
-19.988,280.005
-19.7598,279.991
-19.6079,279.987
-19.3734,279.994
-19.2079,280.055
-19.002,280.077
-18.8595,280.077
-18.718,280.117
-18.5171,280.08
-18.3537,280.11
-18.084,280.049
-17.9209,280.061
-17.6567,280.111
-17.4694,280.182
-17.2525,280.311
-17.1196,280.382
-16.9318,280.44
-16.8223,280.509
-16.6212,280.554
-16.3815,280.639
-16.1294,280.704
-15.9631,280.695
-15.8025,280.691
-15.6747,280.643
-15.4682,280.689
-15.3125,280.677
-15.1352,280.667
-14.9991,280.648
-14.8939,280.676
-14.8604,280.655
-14.8495,280.64
-14.6841,280.667
-14.5595,280.679
-14.4395,280.669
-14.3749,280.693
-14.3565,280.688
-14.4198,280.677
-14.3224,280.665
-14.1985,280.694
-14.0971,280.689
-13.8972,280.68
-13.7586,280.709
-13.565,280.715
-13.4365,280.71
-13.3235,280.668
-13.1323,280.623
-12.9216,280.629
-12.6883,280.599
-12.391,280.589
-12.0861,280.626
-11.7575,280.641
-11.494,280.636
-11.1896,280.699
-10.8662,280.771
-10.5571,280.815
-10.1852,280.853
-9.84787,280.879
-9.48145,280.869
-9.16402,280.857
-8.91552,280.816
-8.59871,280.811
-8.30329,280.837
-8.07831,280.79
-7.8883,280.795
-7.64758,280.789
-7.44273,280.817
-7.07579,280.872
-6.81351,280.887
-6.58824,280.919
-6.40978,280.893
-6.32803,280.853
-6.24653,280.81
-6.08917,280.791
-6.02359,280.794
-5.85707,280.779
-5.64945,280.847
-5.50457,280.84
-5.408,280.802
-5.3444,280.788
-5.25711,280.76
-5.07451,280.823
-4.79945,280.912
-4.56989,280.936
-4.2686,280.987
-4.11148,280.976
-4.05664,280.889
-3.88885,280.784
-3.83847,280.7
-3.84087,280.602
-3.70063,280.568
-3.49309,280.564
-3.26254,280.626
-3.09082,280.701
-2.96697,280.731
-2.77018,280.786
-2.55349,280.84
-2.34614,280.879
-2.08496,280.876
-1.9435,280.808
-1.80786,280.728
-1.68086,280.708
-1.59265,280.688
-1.29245,280.74
-0.989785,280.836
-0.663449,280.904
-0.398825,280.896
-0.182075,280.924
0.175761,280.946
0.55788,280.979
0.97204,280.985
1.43594,280.995
1.8756,280.964
2.33779,280.926
2.88007,281.026
3.41051,281.182
3.95402,281.237
4.45098,281.266
4.92884,281.357
5.40562,281.361
5.91162,281.374
6.36418,281.386
6.81401,281.301
7.21752,281.261
7.47578,281.186
7.7835,281.073
8.03034,281.079
8.23085,281.026
8.49806,280.986
8.69818,280.98
8.84155,280.943
8.72729,280.904
8.63142,280.877
8.48251,280.903
8.37506,280.917
8.28113,280.945
8.36152,280.978
8.38933,281.008
8.47638,281.073
8.578,281.135
8.63831,281.193
8.61145,281.227
8.60572,281.223
8.56031,281.225
8.54024,281.262
8.53386,281.297
8.54861,281.354
8.46373,281.477
8.3748,281.555
8.30156,281.622
8.25345,281.723
8.18499,281.737
8.20574,281.753
8.16276,281.712
8.0877,281.62
7.90003,281.457
7.77766,281.322
7.70026,281.235
7.56317,281.179
7.39812,281.029
7.27464,280.917
7.02408,280.813
6.76344,280.69
6.63175,280.605
6.39111,280.528
6.22053,280.482
6.15328,280.488
6.01578,280.498
5.95395,280.515
5.87397,280.501
5.906,280.535
5.95615,280.558
5.95941,280.597
5.9398,280.635
5.9298,280.678
5.89051,280.761
5.92815,280.819
5.96858,280.876
5.97443,280.907
5.94611,280.903
5.87381,280.862
5.77742,280.792
5.59777,280.673
5.48118,280.538
5.36018,280.36
5.27925,280.224
5.21831,280.066
5.1952,279.956
5.21283,279.904
5.21901,279.857
5.22398,279.753
5.30962,279.615
5.61724,279.453
6.21272,279.341
7.01151,279.191
7.91652,278.976
8.76056,278.857
9.48539,278.679
10.128,278.399
10.6452,277.992
11.1767,277.432
11.5992,276.76
12.1271,276.318
12.679,275.999
13.2829,275.714
13.879,275.479
14.498,275.424
15.0526,275.517
15.5999,275.601
16.1381,275.645
16.6065,275.628
16.9807,275.579
17.2813,275.52
17.4235,275.459
17.4576,275.388
17.484,275.343
17.5456,275.192
17.7162,275.032
18.0105,274.954
18.2987,274.955
18.599,275.029
18.8226,275.138
18.9947,275.34
19.1263,275.554
19.1479,275.693
19.1861,275.798
19.1656,275.922
19.1871,276.054
19.2111,276.146
19.2646,276.211
19.2947,276.221
19.3377,276.221
19.3791,276.141
19.4684,276.032
19.518,275.883
19.6264,275.764
19.7605,275.65
19.8451,275.586
19.947,275.548
20.0645,275.599
20.1576,275.631
20.2223,275.666
20.2614,275.652
20.3199,275.663
20.3462,275.624
20.4045,275.542
20.4604,275.422
20.517,275.307
20.5763,275.154
20.6079,275.022
20.642,274.932
20.6542,274.845
20.6603,274.809
20.7279,274.788
20.7605,274.81
20.8373,274.886
20.8307,274.96
20.7939,274.948
20.6718,274.943
20.6593,274.898
20.6052,274.855
20.5111,274.742
20.5096,274.625
20.4903,274.58
20.4817,274.543
20.5066,274.609
20.4216,274.759
20.3194,274.798
20.2134,274.792
20.1432,274.681
20.1459,274.647
20.1409,274.518
20.142,274.443
20.0789,274.368
20.0289,274.335
19.9656,274.312
19.9459,274.219
19.9237,274.161
19.9248,274.087
19.9242,273.995
19.9461,273.976
19.9561,273.922
19.919,273.85
19.8557,273.848
19.7961,273.739
19.7678,273.671
19.6833,273.61
19.6397,273.455
19.5835,273.388
19.5548,273.279
19.5835,273.205
19.6237,273.079
19.6051,272.971
19.6824,272.89
19.6534,272.849
19.576,272.769
19.5585,272.738
19.4141,272.589
19.431,272.487
19.3692,272.414
19.3537,272.307
19.3021,272.209
19.3571,272.105
19.2997,272.021
19.3069,271.793
19.373,271.654
19.4578,271.469
19.4636,271.252
19.4498,271.157
19.5191,270.99
19.4602,270.827
19.4792,270.757
19.4033,270.637
19.3508,270.61
19.3201,270.562
19.3232,270.593
19.2961,270.608
19.2894,270.584
19.1951,270.55
19.1812,270.503
19.1512,270.406
19.1572,270.329
19.1874,270.244
19.2194,270.177
19.2124,270.121
19.1099,270.099
19.0263,270.027
18.9513,270.061
18.9742,270.02
18.9934,269.821
19.0763,269.598
19.2471,269.183
19.3834,268.803
19.4104,268.228
19.4487,267.898
19.5738,267.48
19.5442,267.177
19.5833,266.909
19.634,266.589
19.6331,266.323
19.6042,266.111
19.6668,265.787
19.7128,265.59
19.846,265.269
20.0091,265.136
20.1583,265.045
20.1764,264.953
20.2248,264.872
20.1448,264.8
20.1717,264.78
20.2041,264.53
20.2312,264.47
20.3701,264.161
20.2989,263.929
20.3842,263.768
20.3436,263.52
20.3319,263.38
20.2968,263.107
20.3381,262.845
20.3716,262.628
20.4089,262.311
20.3471,261.955
20.4373,261.604
20.5449,261.34
20.5735,261.116
20.5572,260.861
20.6141,260.555
20.6225,260.254
20.6504,259.896
20.6523,259.646
20.6519,259.367
20.5693,259.269
20.5626,259.109
20.5315,258.971
20.5223,258.783
20.5491,258.715
20.6693,258.537
20.5662,258.375
20.5419,258.264
20.6056,258.167
20.5785,258.131
20.5969,258.138
20.5598,258.162
20.4986,258.167
20.4364,258.064
20.4311,257.861
20.4109,257.682
20.4813,257.488
20.524,257.535
20.5632,257.441
20.5803,257.427
20.5846,257.434
20.6557,257.344
20.6415,257.232
20.6551,257.05
20.6737,256.8
20.6347,256.596
20.6656,256.328
20.6312,256.236
20.6775,256.079
20.7267,255.926
20.7014,255.781
20.7406,255.553
20.7222,255.433
20.6555,255.371
20.6382,255.207
20.531,255.254
20.6043,255.134
20.7178,254.992
20.7555,254.847
20.8436,254.743
20.8579,254.676
20.8106,254.657
20.7596,254.665
20.7054,254.711
20.6534,254.686
20.6262,254.641
20.6699,254.572
20.7197,254.519
20.7905,254.36
20.8511,254.318
20.8654,254.206
20.8821,254.125
20.8736,253.996
20.8624,253.832
20.9019,253.62
20.9525,253.483
20.9836,253.317
21.0358,253.164
21.0376,253.083
21.0719,253.001
21.0732,252.814
21.1025,252.597
21.1764,252.348
21.1841,252.184
21.2917,251.916
21.2614,251.864
21.3202,251.727
21.448,251.607
21.4686,251.574
21.5643,251.387
21.5148,251.24
21.4943,251.077
21.536,250.92
21.5288,250.899
21.5518,250.793
21.4883,250.762
21.4409,250.751
21.3879,250.631
21.336,250.509
21.3223,250.401
21.3858,250.249
21.3813,250.092
21.4115,249.896
21.4066,249.832
21.379,249.681
21.3532,249.513
21.2937,249.296
21.3545,249.149
21.4273,248.986
21.4713,248.782
21.4323,248.692
21.4065,248.504
21.287,248.432
21.2051,248.353
21.2277,248.127
21.2325,247.963
21.3512,247.832
21.4114,247.658
21.4171,247.536
21.4051,247.455
21.3271,247.357
21.2952,247.152
21.2957,246.907
21.3303,246.735
21.4002,246.56
21.3115,246.505
21.1943,246.356
21.072,246.059
21.084,246.1
21.0613,245.809
21.1221,245.751
21.0873,245.592
21.1535,245.331
21.1531,245.224
21.2631,245.029
21.2556,244.993
21.1699,244.95
21.1587,244.84
21.0288,244.805
20.9827,244.605
20.9505,244.372
20.9037,244.068
20.9761,243.714
20.9693,243.511
21.1072,243.231
21.1055,243.087
21.0926,242.929
21.0737,242.645
21.0386,242.485
20.9804,242.199
20.9658,241.848
20.99,241.6
21.0594,241.232
21.1644,241.069
21.2347,240.852
21.2501,240.68
21.1946,240.526
21.1803,240.329
21.0984,240.135
21.1668,239.88
21.1926,239.688
21.161,239.368
21.248,239.186
21.2483,239.06
21.286,238.909
21.2918,238.811
21.3,238.616
21.2612,238.422
21.2854,238.143
21.369,237.927
21.4123,237.702
21.4722,237.419
21.3965,237.35
21.3627,237.172
21.2834,236.988
21.2346,236.799
21.2837,236.457
21.381,236.093
21.4954,235.854
21.6237,235.558
21.5922,235.463
21.6574,235.283
21.56,235.17
21.574,234.924
21.6766,234.704
21.6744,234.588
21.7575,234.214
21.7296,234.048
21.7578,233.813
21.7556,233.582
21.7398,233.436
21.7239,233.146
21.6623,232.858
21.7376,232.592
21.8133,232.382
21.8939,232.101
21.8345,231.992
21.9102,231.775
21.8648,231.562
21.8859,231.393
21.8732,231.164
22.0012,230.837
21.9526,230.709
21.9943,230.433
21.9625,230.241
21.9225,230.059
21.9342,229.841
21.8878,229.713
21.8628,229.568
21.8009,229.314
21.7946,229.141
21.7827,228.738
21.8409,228.383
21.9063,228.127
21.9849,227.922
21.9706,227.832
21.9598,227.811
21.9306,227.757
21.8893,227.702
21.8696,227.509
21.8975,227.341
21.8956,227.135
21.8702,227.026
21.7502,226.736
21.7004,226.641
21.677,226.427
21.6993,226.163
21.6356,226.11
21.652,225.816
21.6861,225.735
21.7497,225.534
21.8468,225.342
21.8416,225.267
21.8618,225.038
21.8219,224.951
21.7514,224.852
21.7975,224.741
21.7532,224.646
21.786,224.496
21.8007,224.361
21.795,224.09
21.8138,223.897
21.8716,223.693
21.8545,223.525
21.817,223.262
21.7677,223.044
21.7762,222.787
21.8062,222.668
21.7879,222.596
21.7794,222.441
21.6825,222.42
21.6185,222.323
21.6234,222.027
21.6164,221.88
21.7538,221.741
21.8586,221.552
21.8773,221.393
21.9127,221.241
21.8746,221.096
21.906,220.83
21.9009,220.521
21.9306,220.313
21.9536,220.024
21.9142,219.802
21.8825,219.613
21.838,219.434
21.768,219.201
21.718,219.019
21.7183,218.861
21.6839,218.66
21.7468,218.459
21.7165,218.343
21.7122,218.066
21.7528,217.819
21.7526,217.741
21.8588,217.507
21.7871,217.358
21.7537,217.144
21.7948,216.863
21.7605,216.832
21.7935,216.693
21.7175,216.656
21.6618,216.538
21.6865,216.426
21.7106,216.324
21.777,216.181
21.7762,216.125
21.7612,216.106
21.7306,216.135
21.6484,216.164
21.575,216.304
21.5018,216.327
21.4457,216.266
21.351,216.178
21.3946,215.962
21.4487,215.815
21.503,215.662
21.5201,215.559
21.4864,215.54
21.4626,215.369
21.4157,215.21
21.379,215.053
21.3472,214.772
21.3789,214.486
21.3137,214.282
21.4112,213.94
21.3924,213.71
21.4337,213.521
21.4402,213.466
21.3525,213.274
21.3215,213.041
21.2788,212.766
21.1854,212.507
21.1256,212.242
21.0689,212.05
21.0067,211.924
20.9809,211.794
21.0036,211.584
20.9882,211.461
21.0132,211.329
20.9842,211.211
20.9061,211.137
20.8641,210.918
20.825,210.691
20.811,210.523
20.863,210.208
20.9143,209.986
20.8927,209.852
20.9388,209.557
20.8996,209.263
20.8905,209.06
20.875,208.744
20.8326,208.429
20.8591,208.096
20.8015,207.914
20.9164,207.509
20.8682,207.347
20.978,207.039
20.9651,206.763
20.9264,206.528
20.9234,206.247
20.8999,206.006
20.8917,205.802
20.9499,205.625
20.9323,205.537
20.9449,205.448
20.9084,205.354
20.8092,205.333
20.7061,205.226
20.6572,205.142
20.6106,204.989
20.5689,204.799
20.5861,204.562
20.6472,204.277
20.7822,204.056
20.8493,203.86
20.8076,203.802
20.7843,203.623
20.6945,203.561
20.6657,203.512
20.7082,203.368
20.6729,203.203
20.7197,203.004
20.7214,202.745
20.7573,202.516
20.728,202.163
20.7456,201.765
20.6978,201.641
20.7901,201.371
20.8503,201.077
20.85,200.897
20.9777,200.694
20.9597,200.517
20.9299,200.422
20.8359,200.153
20.7289,200.136
20.706,199.865
20.7191,199.617
20.6845,199.544
20.7428,199.357
20.7917,199.285
20.7543,199.202
20.6621,199.145
20.6762,198.945
20.6381,198.853
20.685,198.695
20.7441,198.47
20.7791,198.275
20.8857,198.127
20.9786,198.021
20.951,198.026
20.8606,197.993
20.7629,197.93
20.6538,197.853
20.7042,197.567
20.6914,197.425
20.773,197.232
20.835,196.895
20.8022,196.783
20.8182,196.479
20.7212,196.246
20.7097,195.91
20.7141,195.598
20.771,195.259
20.8309,194.954
20.8536,194.612
20.7656,194.332
20.7778,194.06
20.7352,193.77
20.7324,193.441
20.7698,193.273
20.8222,193.004
20.8864,192.801
20.8654,192.615
20.8331,192.39
20.8104,192.106
20.7472,191.802
20.839,191.463
20.8959,191.153
20.9226,190.949
20.99,190.693
20.9628,190.584
20.9444,190.46
20.8542,190.362
20.7643,190.207
20.7432,190.04
20.7496,189.877
20.8324,189.701
20.8818,189.521
20.9166,189.413
20.8817,189.17
20.8572,188.981
20.8486,188.755
20.8934,188.541
20.8708,188.295
20.9007,187.96
20.8849,187.655
20.8575,187.31
20.8158,186.819
20.7789,186.501
20.8026,186.077
20.722,185.679
20.7117,185.31
20.7302,184.993
20.7956,184.753
20.7922,184.57
20.8562,184.267
20.8218,183.944
20.7572,183.61
20.7778,183.206
20.6834,182.771
20.5959,182.409
20.6169,182.048
20.5418,181.797
20.5153,181.508
20.5701,181.202
20.497,181.034
20.5801,180.752
20.5466,180.555
20.6029,180.365
20.6764,180.064
20.703,179.907
20.7409,179.684
20.6963,179.592
20.565,179.284
20.4926,179.089
20.4214,178.78
20.4006,178.679
20.3744,178.438
20.3324,178.355
20.2182,178.197
20.1472,178.051
20.1223,177.927
20.0911,177.79
20.1561,177.602
20.1472,177.489
20.1328,177.351
20.1674,177.251
20.147,177.18
20.199,177.041
20.1958,176.945
20.1585,176.865
20.1682,176.731
20.1283,176.658
20.1236,176.508
20.1919,176.378
20.1686,176.184
20.2327,175.988
20.2058,175.78
20.186,175.473
20.1964,175.249
20.1736,175.027
20.266,174.685
20.2614,174.463
20.2671,174.253
20.3213,173.873
20.2846,173.603
20.313,173.275
20.32,173.009
20.2908,172.718
20.3789,172.314
20.3728,172.154
20.4662,171.929
20.483,171.645
20.4859,171.485
20.4566,171.34
20.4703,171.162
20.4119,171.048
20.422,170.893
20.361,170.663
20.3385,170.619
20.3945,170.299
20.3797,170.253
20.4726,170.109
20.4515,169.999
20.4612,169.918
20.4461,169.791
20.344,169.753
20.3376,169.615
20.3119,169.511
20.3506,169.325
20.3327,169.152
20.3207,168.921
20.3588,168.776
20.4282,168.544
20.4589,168.396
20.5464,168.156
20.5413,167.99
20.5644,167.777
20.5507,167.441
20.467,167.278
20.4328,167.028
20.3661,166.846
20.3454,166.6
20.4452,166.479
20.479,166.286
20.5735,166.142
20.4907,165.944
20.4566,165.652
20.319,165.441
20.3503,165.137
20.3372,164.949
20.4113,164.598
20.3762,164.309
20.401,164.01
20.3563,163.812
20.2938,163.523
20.2247,163.149
20.2118,162.839
20.246,162.439
20.1983,162.108
20.3238,161.847
20.2496,161.541
20.2283,161.274
20.185,160.841
20.0731,160.472
20.0736,160.132
20.1243,159.689
20.0852,159.468
20.0745,159.164
20.0247,158.754
20.0036,158.591
20.112,158.246
19.9656,158.094
19.9263,157.831
19.9469,157.646
19.9225,157.58
20.0113,157.336
19.9418,157.18
20.0299,156.999
19.9925,156.875
20.0263,156.715
19.9266,156.547
19.8538,156.465
19.8882,156.219
19.8147,156.223
19.7782,155.981
19.6475,155.85
19.5471,155.491
19.4638,155.326
19.4758,155.026
19.4619,154.833
19.5213,154.549
19.5284,154.405
19.4845,154.149
19.5115,153.886
19.3117,153.718
19.2947,153.333
19.2871,152.997
19.2244,152.807
19.2772,152.649
19.296,152.357
19.2603,152.191
19.2874,151.968
19.2935,151.748
19.1824,151.514
19.1295,151.238
19.0751,150.891
19.0553,150.627
19.0425,150.381
19.0555,150.092
19.0146,149.855
18.9039,149.598
18.9019,149.349
18.8887,149.157
18.935,149.01
18.8865,148.886
18.8964,148.748
18.8758,148.595
18.8871,148.472
18.9441,148.415
18.9799,148.354
18.9743,148.371
18.9733,148.398
18.8895,148.483
18.8255,148.535
18.7581,148.575
18.6775,148.534
18.6587,148.461
18.6635,148.432
18.6784,148.355
18.6301,148.417
18.5502,148.354
18.4848,148.379
18.4436,148.411
18.3801,148.427
18.3428,148.475
18.2759,148.495
18.1832,148.515
18.1372,148.554
18.0662,148.597
17.9691,148.549
17.9015,148.498
17.8315,148.546
17.7902,148.585
17.7233,148.585
17.6405,148.646
17.5673,148.633
17.4842,148.645
17.419,148.645
17.3287,148.592
17.2481,148.517
17.1735,148.44
17.1848,148.406
17.1671,148.38
17.1116,148.366
17.0797,148.38
17.0161,148.37
16.9089,148.316
16.8366,148.251
16.7697,148.168
16.7334,148.13
16.709,148.078
16.6778,148.059
16.6691,148.044
16.6182,148.025
16.551,147.942
16.4771,147.825
16.3933,147.724
16.3001,147.594
16.219,147.525
16.1376,147.391
15.9995,147.355
15.8832,147.385
15.7758,147.377
15.6727,147.305
15.5573,147.169
15.5338,147.028
15.461,146.828
15.4647,146.655
15.435,146.535
15.2891,146.436
15.1156,146.386
14.9272,146.363
14.6089,146.259
14.2958,146.132
13.9216,145.878
13.5735,145.691
13.1605,145.404
12.6692,145.064
12.2681,144.744
12.1942,144.001
12.225,143.111
12.1611,142.22
12.2648,141.228
12.1721,140.162
12.2229,139.266
12.2591,138.512
12.465,137.773
12.7623,137.166
13.1651,136.521
13.7627,135.995
14.3192,135.655
14.8912,135.435
15.4057,135.331
15.823,135.255
16.1923,135.221
16.4603,135.249
16.582,135.283
16.6382,135.318
16.5941,135.326
16.4497,135.33
16.3091,135.395
16.1705,135.51
16.0237,135.709
15.7624,135.843
15.5295,135.948
15.3042,136.088
15.1051,136.2
14.9453,136.377
14.8141,136.576
14.6109,136.696
14.4223,136.923
14.1499,137.118
13.8833,137.255
13.559,137.328
13.2977,137.402
13.0927,137.449
12.8956,137.476
12.7156,137.513
12.5539,137.591
12.3552,137.633
12.1122,137.701
11.8429,137.782
11.5148,137.808
11.1774,137.844
10.8238,137.848
10.4815,137.869
10.2091,137.921
9.84915,138.001
9.47064,138.032
9.09182,138.072
8.76237,138.109
8.47219,138.211
8.13079,138.207
7.80246,138.115
7.51451,138.123
7.30561,138.187
7.07721,138.295
6.87963,138.447
6.64314,138.567
6.45178,138.64
6.25183,138.656
6.10314,138.651
5.98287,138.588
5.97667,138.556
5.94662,138.46
5.91004,138.36
5.86966,138.277
5.89489,138.174
5.94643,138.095
5.94408,137.947
5.89078,137.9
5.77806,137.843
5.66822,137.854
5.60667,137.812
5.56691,137.826
5.54525,137.85
5.52329,137.882
5.45793,137.895
5.39648,137.914
5.35663,137.959
5.25332,137.969
5.1879,137.976
5.06587,137.943
4.96436,137.89
4.9223,137.861
4.91186,137.858
4.91989,137.895
4.86964,137.936
4.74378,137.988
4.58549,137.981
4.47229,137.935
4.38921,137.899
4.43034,137.874
4.46183,137.847
4.54107,137.85
4.56079,137.868
4.56473,137.88
4.50117,137.899
4.47908,137.935
4.45508,137.937
4.49366,137.978
4.53416,137.966
4.74303,137.904
4.83334,137.753
4.79367,137.561
4.6723,137.35
4.55739,137.226
4.49465,137.094
4.50223,137.064
4.54377,137.029
4.69438,137.031
4.74868,137.015
4.85101,136.964
4.86429,136.92
4.95301,136.849
5.06319,136.74
5.10808,136.567
5.22682,136.436
5.31363,136.275
5.27953,136.178
5.22064,136.1
5.16431,136.011
5.10292,135.92
5.04621,135.881
4.97457,135.829
4.95041,135.826
4.98453,135.822
5.0619,135.864
5.10541,135.927
4.95353,135.907
4.79519,135.914
4.72935,135.904
4.54133,135.809
4.30246,135.712
3.99828,135.58
3.78737,135.556
3.42208,135.46
3.02093,135.419
2.55499,135.377
2.10524,135.413
1.65552,135.481
1.24939,135.579
0.818032,135.656
0.331931,135.655
-0.0691546,135.728
-0.409274,135.768
-0.541048,135.798
-0.711464,135.789
-0.89092,135.752
-1.07397,135.761
-1.33086,135.699
-1.6032,135.66
-1.90565,135.691
-2.1771,135.691
-2.32479,135.797
-2.5286,135.905
-2.81151,135.956
-3.10322,136.026
-3.38192,136.032
-3.67204,136.066
-3.84951,136.082
-4.05968,136.035
-4.32741,136.05
-4.59494,136.027
-4.79574,136.069
-4.97251,136.091
-5.07363,136.172
-5.23802,136.275
-5.33457,136.298
-5.55939,136.272
-5.78083,136.224
-6.02391,136.113
-6.27742,135.998
-6.55095,135.897
-6.71058,135.86
-6.89552,135.851
-7.14183,135.819
-7.44041,135.789
-7.75247,135.761
-8.25505,135.718
-8.66036,135.68
-9.0547,135.749
-9.41173,135.693
-9.80154,135.721
-10.1102,135.687
-10.5495,135.693
-10.8426,135.69
-11.1728,135.7
-11.5883,135.651
-12.005,135.579
-12.4049,135.522
-12.7811,135.5
-13.1733,135.518
-13.6463,135.579
-14.1248,135.579
-14.559,135.584
-14.9225,135.565
-15.2303,135.548
-15.6007,135.468
-16.0099,135.445
-16.3207,135.409
-16.6272,135.416
-16.9848,135.454
-17.3174,135.505
-17.6778,135.561
-18.0134,135.582
-18.361,135.606
-18.6982,135.685
-19.0136,135.749
-19.38,135.798
-19.6856,135.797
-20.03,135.817
-20.3605,135.79
-20.7306,135.755
-21.0672,135.738
-21.4004,135.707
-21.6577,135.776
-21.9281,135.833
-22.2009,135.921
-22.4765,135.979
-22.7554,136.084
-23.1181,136.088
-23.4511,136.135
-23.8152,136.171
-24.2182,136.223
-24.5159,136.228
-24.8097,136.256
-25.1234,136.21
-25.4619,136.129
-25.9116,136.104
-26.3304,136.051
-26.7011,136.06
-27.0545,136.115
-27.4118,136.094
-27.7728,136.162
-28.1107,136.191
-28.4703,136.223
-28.8104,136.22
-29.1628,136.252
-29.5639,136.276
-29.9035,136.314
-30.21,136.405
-30.6595,136.367
-31.1074,136.343
-31.5043,136.297
-31.8732,136.299
-32.2064,136.231
-32.6075,136.186
-33.0042,136.189
-33.4091,136.23
-33.8326,136.243
-34.2594,136.314
-34.7082,136.341
-35.142,136.329
-35.4764,136.358
-35.8353,136.321
-36.2623,136.306
-36.6997,136.212
-37.1327,136.246
-37.5628,136.236
-37.9285,136.26
-38.2808,136.327
-38.6948,136.336
-39.1217,136.336
-39.5418,136.353
-39.9977,136.365
-40.409,136.428
-40.8529,136.602
-41.3008,136.635
-41.7719,136.661
-42.2352,136.618
-42.6422,136.524
-43.0313,136.483
-43.3437,136.383
-43.7278,136.452
-44.167,136.464
-44.6139,136.503
-45.045,136.536
-45.3656,136.56
-45.7698,136.545
-46.0834,136.507
-46.4706,136.54
-46.9117,136.52
-47.2657,136.527
-47.647,136.587
-47.9689,136.621
-48.3272,136.605
-48.641,136.626
-49.0129,136.599
-49.4247,136.588
-49.7681,136.624
-50.1754,136.663
-50.4807,136.703
-50.8874,136.723
-51.2375,136.691
-51.6213,136.718
-52.0074,136.655
-52.3984,136.623
-52.721,136.68
-53.1458,136.649
-53.535,136.65
-53.9863,136.709
-54.412,136.739
-54.7864,136.754
-55.1626,136.756
-55.5081,136.756
-55.8517,136.8
-56.2369,136.795
-56.546,136.779
-56.9523,136.777
-57.3598,136.678
-57.7719,136.624
-58.241,136.578
-58.6723,136.562
-59.0471,136.629
-59.5169,136.589
-59.8602,136.569
-60.1819,136.569
-60.5204,136.525
-60.9608,136.532
-61.4374,136.567
-61.8283,136.569
-62.218,136.617
-62.5702,136.584
-62.9894,136.544
-63.4462,136.462
-63.8076,136.39
-64.1621,136.364
-64.4909,136.369
-64.8429,136.422
-65.2946,136.4
-65.6647,136.443
-66.0169,136.431
-66.4273,136.435
-66.8488,136.406
-67.2742,136.45
-67.6996,136.431
-68.0992,136.473
-68.433,136.471
-68.7941,136.494
-69.1385,136.487
-69.6337,136.391
-70.0139,136.384
-70.3898,136.365
-70.8524,136.316
-71.2294,136.23
-71.5601,136.266
-71.9847,136.235
-72.3585,136.228
-72.7976,136.184
-73.1451,136.238
-73.5336,136.214
-73.8862,136.265
-74.2397,136.322
-74.5385,136.425
-74.9011,136.554
-75.3183,136.606
-75.7296,136.692
-76.0932,136.755
-76.4668,136.761
-76.8344,136.792
-77.2137,136.788
-77.6263,136.827
-77.9066,136.841
-78.2969,136.94
-78.6128,136.961
-78.9205,136.975
-79.3141,136.998
-79.6701,137.036
-80.0588,137.019
-80.4228,137.03
-80.8634,137.003
-81.2493,137.004
-81.5987,137.077
-81.9381,137.034
-82.3366,137.078
-82.7083,137.047
-83.0611,137.064
-83.4078,137.074
-83.7139,137.097
-84.0174,137.151
-84.3321,137.14
-84.8406,137.001
-85.327,136.885
-85.7714,136.793
-86.1594,136.737
-86.4617,136.713
-86.8472,136.686
-87.2765,136.683
-87.7397,136.623
-88.2148,136.55
-88.6588,136.499
-89.1137,136.444
-89.4584,136.429
-89.8235,136.463
-90.2232,136.48
-90.4976,136.433
-90.8323,136.484
-91.2563,136.425
-91.6789,136.337
-92.031,136.267
-92.3611,136.264
-92.7315,136.193
-93.0366,136.205
-93.3254,136.272
-93.6432,136.26
-93.9947,136.27
-94.3367,136.276
-94.6433,136.286
-94.9651,136.232
-95.2492,136.263
-95.5333,136.236
-95.7355,136.237
-95.9034,136.219
-96.163,136.118
-96.4236,136.105
-96.8181,135.973
-97.184,135.941
-97.486,135.941
-97.8059,135.91
-98.1092,135.847
-98.3855,135.864
-98.7102,135.845
-99.0836,135.792
-99.5692,135.775
-99.9189,135.755
-100.352,135.77
-100.771,135.78
-101.193,135.709
-101.628,135.683
-102.14,135.548
-102.632,135.459
-103.079,135.375
-103.596,135.287
-104.072,135.237
-104.58,135.206
-105.101,135.201
-105.536,135.176
-105.887,135.193
-106.293,135.158
-106.815,135.093
-107.204,135.143
-107.623,135.181
-107.975,135.202
-108.319,135.265
-108.733,135.246
-109.142,135.224
-109.555,135.139
-109.946,135.104
-110.382,134.971
-110.871,134.889
-111.284,134.845
-111.666,134.838
-112.063,134.836
-112.377,134.879
-112.753,134.899
-113.115,134.9
-113.497,134.87
-113.922,134.799
-114.323,134.769
-114.716,134.761
-115.005,134.731
-115.38,134.707
-115.747,134.745
-116.059,134.717
-116.442,134.721
-116.788,134.732
-117.041,134.778
-117.4,134.734
-117.857,134.625
-118.18,134.549
-118.614,134.494
-118.981,134.459
-119.261,134.47
-119.622,134.468
-119.976,134.486
-120.375,134.464
-120.781,134.402
-121.102,134.363
-121.36,134.377
-121.575,134.366
-121.902,134.354
-122.137,134.392
-122.551,134.346
-122.595,134.525
-122.964,134.537
-123.329,134.528
-123.606,134.528
-124.196,134.232
-124.492,134.24
-124.8,134.213
-125.117,134.144
-125.47,134.124
-125.722,134.109
-126.07,134.055
-126.397,133.977
-126.781,133.884
-127.084,133.798
-127.451,133.715
-127.827,133.751
-128.156,133.713
-128.522,133.736
-128.863,133.738
-129.24,133.732
-129.546,133.732
-129.862,133.715
-130.271,133.711
-130.609,133.659
-131.066,133.562
-131.39,133.629
-131.851,133.572
-132.047,133.619
-132.343,133.677
-132.594,133.645
-132.887,133.649
-133.212,133.605
-133.523,133.545
-133.777,133.554
-133.98,133.534
-134.19,133.616
-134.418,133.586
-134.701,133.55
-134.927,133.505
-135.096,133.505
-135.396,133.453
-135.662,133.383
-135.904,133.392
-136.187,133.354
-136.407,133.359
-136.612,133.329
-136.865,133.365
-137.169,133.334
-137.507,133.278
-137.832,133.244
-138.088,133.183
-138.342,133.184
-138.672,133.078
-138.993,132.887
-139.28,132.749
-139.636,132.52
-139.862,132.354
-140.123,132.221
-140.33,132.057
-140.556,131.984
-140.798,131.895
-141.037,131.82
-141.269,131.758
-141.487,131.746
-141.653,131.763
-141.729,131.82
-141.999,131.779
-142.177,131.731
-142.348,131.707
-142.498,131.642
-142.663,131.494
-142.831,131.355
-142.912,131.302
-143.012,131.232
-143.127,131.199
-143.26,131.133
-143.431,131.126
-143.539,131.078
-143.694,131.12
-143.877,131.069
-143.961,131.054
-144.027,131.063
-144.031,131.046
-143.988,131.032
-143.948,130.953
-143.912,130.879
-143.932,130.799
-143.976,130.677
-144.079,130.577
-144.03,130.55
-144.036,130.572
-144.123,130.562
-144.142,130.561
-144.112,130.657
-144.027,130.709
-143.913,130.748
-143.819,130.742
-143.714,130.688
-143.594,130.618
-143.497,130.551
-143.485,130.439
-143.457,130.338
-143.397,130.311
-143.372,130.312
-143.339,130.335
-143.211,130.38
-143.046,130.376
-142.863,130.375
-142.723,130.349
-142.549,130.254
-142.422,130.163
-142.267,130.083
-142.106,129.991
-142.03,129.947
-141.977,129.894
-141.904,129.886
-141.859,129.957
-141.723,130.081
-141.577,130.209
-141.541,130.294
-141.505,130.323
-141.49,130.314
-141.468,130.25
-141.435,130.165
-141.371,130.102
-141.387,130.075
-141.422,130.061
-141.508,130.065
-141.655,130.126
-141.79,130.168
-141.956,130.242
-142.157,130.301
-142.477,130.304
-142.803,130.263
-143.179,130.218
-143.639,130.13
-144.027,130.128
-144.368,130.154
-144.786,130.194
-145.131,130.305
-145.502,130.498
-145.745,130.726
-146,130.956
-146.095,131.21
-146.258,131.425
-146.377,131.648
-146.415,131.807
-146.248,132.226
-146.264,132.104
-146.103,132.259
-145.906,132.458
-145.641,132.794
-145.314,133.144
-144.89,133.551
-144.418,134.109
-143.816,134.805
-143.115,135.491
-142.088,136.479
-141.165,137.569
-140.383,138.714
-139.646,139.915
-139.076,140.953
-138.522,141.916
-138.038,142.683
-137.702,143.178
-137.331,143.447
-136.958,143.557
-136.561,143.614
-136.201,143.643
-135.835,143.658
-135.526,143.68
-135.157,143.699
-134.714,143.781
-134.269,143.871
-133.776,143.955
-133.153,144.152
-132.402,144.466
-131.63,144.94
-131.013,145.399
-130.557,145.753
-130.239,145.974
-129.986,146.104
-129.686,146.266
-129.419,146.449
-129.169,146.637
-128.991,146.798
-128.892,147.007
-128.775,147.194
-128.692,147.312
-128.533,147.373
-128.471,147.358
-128.437,147.33
-128.432,147.321
-128.459,147.331
-128.461,147.444
-128.393,147.592
-128.303,147.743
-128.213,147.822
-128.138,147.801
-128.066,147.779
-127.991,147.696
-127.904,147.63
-127.854,147.58
-127.788,147.535
-127.591,147.449
-127.346,147.46
-127.116,147.46
-126.873,147.448
-126.717,147.486
-126.615,147.507
-126.509,147.505
-126.447,147.497
-126.298,147.503
-126.212,147.476
-126.044,147.441
-125.939,147.398
-125.769,147.395
-125.602,147.454
-125.5,147.493
-125.386,147.52
-125.313,147.567
-125.165,147.687
-125.053,147.721
-124.968,147.702
-124.867,147.673
-124.722,147.705
-124.725,147.734
-124.682,147.722
-124.697,147.748
-124.717,147.766
-124.646,147.627
-124.618,147.656
-124.546,147.691
-124.504,147.675
-124.498,147.622
-124.436,147.671
-124.346,147.702
-124.347,147.657
-124.286,147.562
-124.246,147.591
-124.145,147.749
-124.194,147.736
-124.244,147.791
-124.303,147.787
-124.356,147.828
-124.436,147.748
-124.525,147.737
-124.6,147.697
-124.7,147.627
-124.719,147.648
-124.689,147.673
-124.677,147.693
-124.659,147.776
-124.636,147.862
-124.59,148.001
-124.652,148.029
-124.745,147.994
-124.751,147.898
-124.668,147.911
-124.566,147.978
-124.459,148.056
-124.3,148.255
-124.115,148.54
-124.033,148.785
-123.922,148.912
-123.836,149.14
-123.763,149.262
-123.725,149.335
-123.717,149.458
-123.734,149.613
-123.758,149.853
-123.88,150.048
-124.039,150.189
-124.175,150.27
-124.297,150.28
-124.303,150.152
-124.188,150.056
-124.048,150.05
-123.783,150.049
-123.562,150.111
-123.386,150.312
-123.16,150.42
-122.999,150.665
-122.876,150.996
-122.762,151.266
-122.75,151.581
-122.672,151.994
-122.621,152.324
-122.719,152.498
-122.812,152.64
-122.898,152.687
-122.972,152.707
-123.077,152.668
-123.098,152.634
-122.968,152.611
-122.843,152.579
-122.624,152.637
-122.387,152.784
-122.24,152.943
-122.083,153.199
-121.982,153.538
-121.859,153.932
-121.867,154.235
-121.873,154.407
-121.877,154.64
-121.818,154.817
-121.796,154.994
-121.745,155.171
-121.709,155.372
-121.667,155.643
-121.553,156.115
-121.529,156.332
-121.489,156.614
-121.502,156.787
-121.339,156.926
-121.305,157.129
-121.263,157.412
-121.251,157.727
-121.301,158.063
-121.351,158.301
-121.324,158.478
-121.272,158.638
-121.188,158.744
-121.18,158.945
-121.172,159.144
-121.263,159.378
-121.352,159.659
-121.436,159.999
-121.431,160.285
-121.429,160.519
-121.385,160.729
-121.304,160.905
-120.964,161.286
-121.142,161.315
-121.144,161.552
-121.122,161.838
-121.125,162.074
-121.109,162.367
-121.073,162.56
-121.039,162.778
-121.034,162.95
-120.962,163.255
-120.943,163.645
-120.98,164.051
-121.082,164.34
-120.816,164.858
-120.763,165.15
-121.008,165.141
-120.93,165.419
-120.837,165.653
-120.835,165.954
-120.764,166.299
-120.655,166.654
-120.583,167.053
-120.472,167.492
-120.45,167.836
-120.503,168.121
-120.492,168.355
-120.107,168.839
-120.275,169.01
-120.198,169.419
-120.202,169.783
-120.26,170.063
-120.298,170.388
-120.311,170.633
-120.313,170.914
-120.338,171.162
-120.408,171.461
-120.364,171.907
-120.332,172.265
-120.281,172.704
-120.192,173.172
-120.173,173.561
-120.132,173.948
-120.106,174.315
-120.153,174.755
-120.172,175.202
-120.114,175.552
-120.018,175.938
-119.847,176.339
-119.73,176.568
-119.701,176.923
-119.67,177.193
-119.749,177.501
-119.834,177.827
-119.788,178.165
-119.713,178.556
-119.611,178.807
-119.553,179.018
-119.469,179.299
-119.413,179.534
-119.392,179.754
-119.326,179.925
-119.297,180.139
-119.327,180.362
-119.373,180.531
-119.426,180.706
-119.405,180.935
-119.353,181.033
-119.321,181.252
-119.306,181.538
-119.261,181.747
-119.236,182.064
-119.163,182.486
-119.108,182.696
-119.07,183.093
-119.015,183.308
-119.048,183.546
-119.09,183.857
-119.068,184.033
-119.052,184.257
-119,184.523
-118.944,184.73
-118.888,184.994
-118.819,185.332
-118.722,185.817
-118.688,186.217
-118.658,186.621
-118.512,187.286
-118.678,187.293
-118.661,187.425
-118.646,187.587
-118.604,187.756
-118.584,187.956
-118.58,188.221
-118.544,188.571
-118.442,188.939
-118.463,189.279
-118.388,189.603
-118.346,189.835
-118.27,190.053
-118.257,190.325
-118.198,190.551
-118.221,190.809
-118.213,191.223
-118.168,191.523
-118.236,191.712
-118.288,191.965
-118.259,192.14
-118.218,192.409
-118.166,192.709
-118.099,192.986
-118.047,193.213
-117.955,193.445
-117.901,193.807
-117.866,194.145
-117.91,194.465
-117.912,194.897
-117.866,195.134
-117.749,195.494
-117.668,195.658
-117.616,195.877
-117.627,196.185
-117.757,196.269
-117.834,196.528
-117.783,196.763
-117.708,196.978
-117.713,197.228
-117.74,197.536
-117.694,197.926
-117.642,198.246
-117.624,198.532
-117.498,198.754
-117.334,199.109
-117.187,199.31
-117.152,199.564
-117.126,199.798
-117.145,200.158
-117.22,200.441
-117.304,200.757
-117.326,201.166
-117.295,201.495
-117.245,201.755
-117.173,202.039
-117.118,202.267
-117.03,202.555
-117.016,202.763
-116.982,202.955
-116.88,203.133
-116.898,203.304
-116.818,203.535
-116.792,203.832
-116.791,204.177
-116.83,204.481
-116.787,204.843
-116.715,205.263
-116.675,205.483
-116.651,205.553
-116.497,205.595
-116.388,205.558
-116.353,205.583
-116.303,205.625
-116.337,205.721
-116.399,205.841
-116.434,205.887
-116.489,205.921
-116.536,205.927
-116.565,205.95
-116.551,205.962
-116.523,205.905
-116.503,205.937
-116.477,205.979
-116.496,205.955
-116.467,206.102
-116.357,206.249
-116.284,206.437
-116.185,206.692
-116.125,207.065
-116.113,207.461
-116.234,207.812
-116.329,208.086
-116.371,208.262
-116.367,208.506
-116.36,208.557
-116.413,208.626
-116.333,208.704
-116.302,208.905
-116.234,208.893
-116.249,209.164
-116.268,209.401
-116.374,209.554
-116.462,209.722
-116.453,209.66
-116.34,209.664
-116.253,209.736
-116.205,209.812
-116.218,210.078
-116.215,210.363
-116.284,210.584
-116.248,210.717
-116.194,210.806
-116.085,210.875
-116.007,210.957
-115.956,211.047
-115.871,211.238
-115.748,211.447
-115.737,211.586
-115.762,211.766
-115.779,211.892
-115.731,211.938
-115.617,211.992
-115.513,212.051
-115.436,212.115
-115.419,212.311
-115.398,212.54
-115.486,212.701
-115.526,212.86
-115.491,212.974
-115.436,213.089
-115.379,213.299
-115.369,213.529
-115.401,213.834
-115.332,214.1
-115.313,214.447
-115.309,214.672
-115.301,214.888
-115.277,215.078
-115.259,215.184
-115.209,215.443
-115.227,215.699
-115.299,215.928
-115.371,216.184
-115.456,216.314
-115.396,216.499
-115.327,216.587
-115.218,216.84
-115.187,217.029
-115.092,217.269
-115.135,217.364
-115.106,217.552
-115.03,217.781
-114.995,217.858
-114.92,218.11
-114.933,218.274
-114.97,218.428
-115.051,218.631
-115.129,218.816
-115.229,219.049
-115.283,219.255
-115.286,219.37
-115.192,219.599
-115.135,219.749
-115.141,220.015
-115.121,220.268
-115.018,220.59
-114.938,220.97
-114.938,221.216
-114.895,221.513
-114.799,221.687
-114.683,221.763
-114.584,221.958
-114.505,222.16
-114.528,222.436
-114.606,222.734
-114.63,223.028
-114.641,223.283
-114.607,223.597
-114.518,223.784
-114.506,224.053
-114.452,224.342
-114.52,224.554
-114.575,224.803
-114.549,224.997
-114.483,225.287
-114.47,225.525
-114.478,225.752
-114.545,225.976
-114.502,226.168
-114.44,226.362
-114.44,226.609
-114.421,226.916
-114.445,227.264
-114.528,227.645
-114.513,227.851
-114.467,228.156
-114.249,228.672
-114.323,228.636
-114.292,228.888
-114.263,229.076
-114.182,229.34
-114.155,229.555
-114.074,229.956
-114.054,230.177
-114.026,230.445
-114.054,230.484
-113.954,230.593
-113.907,230.834
-113.912,231.036
-113.957,231.264
-113.941,231.458
-113.851,231.706
-113.836,231.876
-113.877,232.047
-113.82,232.183
-113.745,232.39
-113.778,232.557
-113.786,232.759
-113.736,233.058
-113.727,233.324
-113.695,233.647
-113.684,233.996
-113.66,234.328
-113.638,234.6
-113.67,234.741
-113.667,234.985
-113.697,235.229
-113.702,235.49
-113.677,235.786
-113.614,236.128
-113.537,236.402
-113.498,236.67
-113.408,236.981
-113.388,237.195
-113.402,237.435
-113.4,237.704
-113.402,237.926
-113.36,238.24
-113.374,238.591
-113.407,238.808
-113.437,239.014
-113.402,239.292
-113.355,239.566
-113.339,239.794
-113.294,240.044
-113.19,240.243
-113.051,240.455
-112.985,240.748
-112.953,240.926
-112.977,241.089
-113.001,241.436
-113.049,241.602
-113.066,241.81
-113.072,241.962
-112.924,242.082
-112.861,242.211
-112.908,242.395
-112.907,242.576
-112.894,242.872
-112.918,243.13
-112.899,243.368
-112.879,243.617
-112.83,243.884
-112.807,244.013
-112.795,244.134
-112.788,244.28
-112.78,244.436
-112.763,244.653
-112.863,244.834
-112.994,245.044
-113.052,245.168
-113.109,245.354
-113.172,245.439
-113.189,245.594
-113.207,245.711
-113.171,245.898
-113.187,246.084
-113.217,246.235
-113.287,246.302
-113.28,246.332
-113.261,246.29
-113.246,246.278
-113.218,246.207
-113.143,246.202
-113.046,246.494
-113.031,246.656
-113.085,246.873
-113.004,247.156
-112.956,247.213
-112.904,247.498
-112.817,247.601
-112.816,247.834
-112.772,248.056
-112.712,248.406
-112.598,248.682
-112.457,249.037
-112.438,249.361
-112.374,249.846
-112.372,250.248
-112.415,250.506
-112.403,250.726
-112.345,251.028
-112.37,251.052
-112.355,251.166
-112.307,251.193
-112.207,251.238
-112.089,251.41
-112.058,251.56
-112.048,251.762
-112.013,251.955
-112.06,252.146
-111.988,252.291
-112.049,252.342
-111.961,252.579
-111.944,252.682
-111.914,252.978
-111.939,253.171
-111.887,253.544
-111.844,253.619
-111.785,253.954
-111.791,254.025
-111.849,254.317
-111.95,254.481
-111.998,254.642
-112.021,254.763
-112.06,254.871
-112.007,254.993
-112.019,254.984
-111.965,255.145
-111.885,255.149
-111.931,255.218
-111.92,255.422
-112.05,255.471
-112.073,255.661
-112.003,255.754
-111.992,255.77
-111.934,255.88
-111.812,255.857
-111.719,256.113
-111.739,256.158
-111.824,256.229
-111.918,256.231
-112.009,256.064
-111.988,255.889
-111.898,255.719
-111.786,255.605
-111.736,255.588
-111.713,255.592
-111.658,255.653
-111.583,255.743
-111.584,255.73
-111.476,255.832
-111.324,255.895
-111.261,255.943
-111.254,256.06
-111.204,256.127
-111.16,256.181
-111.057,256.389
-110.988,256.538
-110.973,256.821
-111.011,256.976
-110.838,257.603
-111.017,257.56
-111.034,257.738
-111.032,257.92
-111.05,258.045
-111.05,258.233
-111.02,258.369
-110.93,258.515
-110.883,258.726
-110.769,258.961
-110.782,259.095
-110.753,259.465
-110.816,259.63
-110.812,259.821
-110.774,259.869
-110.631,259.959
-110.518,260.082
