-125.0,280
-124.8,280
-124.6,280
-124.4,280
-124.2,280
-124.0,280
-123.8,280
-123.6,280
-123.4,280
-123.2,280
-123.0,280
-122.8,280
-122.6,280
-122.4,280
-122.2,280
-122.0,280
-121.8,280
-121.6,280
-121.4,280
-121.2,280
-121.0,280
-120.8,280
-120.6,280
-120.4,280
-120.2,280
-120.0,280
-119.8,280
-119.6,280
-119.4,280
-119.2,280
-119.0,280
-118.8,280
-118.6,280
-118.4,280
-118.2,280
-118.0,280
-117.8,280
-117.6,280
-117.4,280
-117.2,280
-117.0,280
-116.8,280
-116.6,280
-116.4,280
-116.2,280
-116.0,280
-115.8,280
-115.6,280
-115.4,280
-115.2,280
-115.0,280
-114.8,280
-114.6,280
-114.4,280
-114.2,280
-114.0,280
-113.8,280
-113.6,280
-113.4,280
-113.2,280
-113.0,280
-112.8,280
-112.6,280
-112.4,280
-112.2,280
-112.0,280
-111.8,280
-111.6,280
-111.4,280
-111.2,280
-111.0,280
-110.8,280
-110.6,280
-110.4,280
-110.2,280
-110.0,280
-109.8,280
-109.6,280
-109.4,280
-109.2,280
-109.0,280
-108.8,280
-108.6,280
-108.4,280
-108.2,280
-108.0,280
-107.8,280
-107.6,280
-107.4,280
-107.2,280
-107.0,280
-106.8,280
-106.6,280
-106.4,280
-106.2,280
-106.0,280
-105.8,280
-105.6,280
-105.4,280
-105.2,280
-105.0,280
-104.8,280
-104.6,280
-104.4,280
-104.2,280
-104.0,280
-103.8,280
-103.6,280
-103.4,280
-103.2,280
-103.0,280
-102.8,280
-102.6,280
-102.4,280
-102.2,280
-102.0,280
-101.8,280
-101.6,280
-101.4,280
-101.2,280
-101.0,280
-100.8,280
-100.6,280
-100.4,280
-100.2,280
-100.0,280
-99.8,280
-99.6,280
-99.4,280
-99.2,280
-99.0,280
-98.8,280
-98.6,280
-98.4,280
-98.2,280
-98.0,280
-97.8,280
-97.6,280
-97.4,280
-97.2,280
-97.0,280
-96.8,280
-96.6,280
-96.4,280
-96.2,280
-96.0,280
-95.8,280
-95.6,280
-95.4,280
-95.2,280
-95.0,280
-94.8,280
-94.6,280
-94.4,280
-94.2,280
-94.0,280
-93.8,280
-93.6,280
-93.4,280
-93.2,280
-93.0,280
-92.8,280
-92.6,280
-92.4,280
-92.19999999999999,280
-92.0,280
-91.8,280
-91.6,280
-91.4,280
-91.19999999999999,280
-91.0,280
-90.8,280
-90.6,280
-90.4,280
-90.19999999999999,280
-90.0,280
-89.8,280
-89.6,280
-89.4,280
-89.19999999999999,280
-89.0,280
-88.8,280
-88.6,280
-88.4,280
-88.19999999999999,280
-88.0,280
-87.8,280
-87.6,280
-87.4,280
-87.19999999999999,280
-87.0,280
-86.8,280
-86.6,280
-86.4,280
-86.19999999999999,280
-86.0,280
-85.8,280
-85.6,280
-85.4,280
-85.19999999999999,280
-85.0,280
-84.8,280
-84.6,280
-84.4,280
-84.19999999999999,280
-84.0,280
-83.8,280
-83.6,280
-83.4,280
-83.19999999999999,280
-83.0,280
-82.8,280
-82.6,280
-82.4,280
-82.19999999999999,280
-82.0,280
-81.8,280
-81.6,280
-81.4,280
-81.19999999999999,280
-81.0,280
-80.8,280
-80.6,280
-80.4,280
-80.19999999999999,280
-80.0,280
-79.8,280
-79.6,280
-79.4,280
-79.19999999999999,280
-79.0,280
-78.8,280
-78.6,280
-78.4,280
-78.19999999999999,280
-78.0,280
-77.8,280
-77.6,280
-77.4,280
-77.19999999999999,280
-77.0,280
-76.8,280
-76.6,280
-76.4,280
-76.19999999999999,280
-76.0,280
-75.8,280
-75.6,280
-75.4,280
-75.19999999999999,280
-75.0,280
-74.8,280
-74.6,280
-74.4,280
-74.19999999999999,280
-74.0,280
-73.8,280
-73.6,280
-73.4,280
-73.19999999999999,280
-73.0,280
-72.8,280
-72.6,280
-72.4,280
-72.19999999999999,280
-72.0,280
-71.8,280
-71.6,280
-71.4,280
-71.19999999999999,280
-71.0,280
-70.8,280
-70.6,280
-70.4,280
-70.19999999999999,280
-70.0,280
-69.8,280
-69.6,280
-69.4,280
-69.19999999999999,280
-69.0,280
-68.8,280
-68.6,280
-68.4,280
-68.19999999999999,280
-68.0,280
-67.8,280
-67.6,280
-67.4,280
-67.19999999999999,280
-67.0,280
-66.8,280
-66.6,280
-66.4,280
-66.19999999999999,280
-66.0,280
-65.8,280
-65.6,280
-65.4,280
-65.19999999999999,280
-65.0,280
-64.8,280
-64.6,280
-64.4,280
-64.19999999999999,280
-64.0,280
-63.8,280
-63.599999999999994,280
-63.4,280
-63.199999999999996,280
-63.0,280
-62.8,280
-62.599999999999994,280
-62.4,280
-62.199999999999996,280
-62.0,280
-61.8,280
-61.599999999999994,280
-61.4,280
-61.199999999999996,280
-61.0,280
-60.8,280
-60.599999999999994,280
-60.39999999999999,280
-60.2,280
-60.0,280
-59.8,280
-59.599999999999994,280
-59.39999999999999,280
-59.2,280
-59.0,280
-58.8,280
-58.599999999999994,280
-58.39999999999999,280
-58.2,280
-58.0,280
-57.8,280
-57.599999999999994,280
-57.39999999999999,280
-57.2,280
-57.0,280
-56.8,280
-56.599999999999994,280
-56.39999999999999,280
-56.2,280
-56.0,280
-55.8,280
-55.599999999999994,280
-55.39999999999999,280
-55.2,280
-55.0,280
-54.8,280
-54.599999999999994,280
-54.39999999999999,280
-54.2,280
-54.0,280
-53.8,280
-53.599999999999994,280
-53.39999999999999,280
-53.2,280
-53.0,280
-52.8,280
-52.599999999999994,280
-52.39999999999999,280
-52.2,280
-52.0,280
-51.8,280
-51.599999999999994,280
-51.39999999999999,280
-51.2,280
-51.0,280
-50.8,280
-50.599999999999994,280
-50.39999999999999,280
-50.2,280
-50.0,280
-49.8,280
-49.599999999999994,280
-49.39999999999999,280
-49.2,280
-49.0,280
-48.8,280
-48.599999999999994,280
-48.39999999999999,280
-48.19999999999999,280
-48.0,280
-47.8,280
-47.599999999999994,280
-47.39999999999999,280
-47.19999999999999,280
-47.0,280
-46.8,280
-46.599999999999994,280
-46.39999999999999,280
-46.19999999999999,280
-46.0,280
-45.8,280
-45.599999999999994,280
-45.39999999999999,280
-45.19999999999999,280
-45.0,280
-44.8,280
-44.599999999999994,280
-44.39999999999999,280
-44.19999999999999,280
-44.0,280
-43.8,280
-43.599999999999994,280
-43.39999999999999,280
-43.19999999999999,280
-43.0,280
-42.8,280
-42.599999999999994,280
-42.39999999999999,280
-42.19999999999999,280
-42.0,280
-41.8,280
-41.599999999999994,280
-41.39999999999999,280
-41.19999999999999,280
-41.0,280
-40.8,280
-40.599999999999994,280
-40.39999999999999,280
-40.19999999999999,280
-40.0,280
-39.8,280
-39.599999999999994,280
-39.39999999999999,280
-39.19999999999999,280
-39.0,280
-38.8,280
-38.599999999999994,280
-38.39999999999999,280
-38.19999999999999,280
-38.0,280
-37.8,280
-37.599999999999994,280
-37.39999999999999,280
-37.19999999999999,280
-37.0,280
-36.8,280
-36.599999999999994,280
-36.39999999999999,280
-36.19999999999999,280
-36.0,280
-35.8,280
-35.599999999999994,280
-35.39999999999999,280
-35.19999999999999,280
-35.0,280
-34.8,280
-34.599999999999994,280
-34.39999999999999,280
-34.19999999999999,280
-34.0,280
-33.8,280
-33.599999999999994,280
-33.39999999999999,280
-33.19999999999999,280
-33.0,280
-32.8,280
-32.599999999999994,280
-32.39999999999999,280
-32.19999999999999,280
-32.0,280
-31.799999999999997,280
-31.599999999999994,280
-31.39999999999999,280
-31.19999999999999,280
-31.0,280
-30.799999999999997,280
-30.599999999999994,280
-30.39999999999999,280
-30.19999999999999,280
-30.0,280
-29.799999999999997,280
-29.599999999999994,280
-29.39999999999999,280
-29.19999999999999,280
-29.0,280
-28.799999999999997,280
-28.599999999999994,280
-28.39999999999999,280
-28.19999999999999,280
-28.0,280
-27.799999999999997,280
-27.599999999999994,280
-27.39999999999999,280
-27.19999999999999,280
-27.0,280
-26.799999999999997,280
-26.599999999999994,280
-26.39999999999999,280
-26.19999999999999,280
-26.0,280
-25.799999999999997,280
-25.599999999999994,280
-25.39999999999999,280
-25.19999999999999,280
-25.0,280
-24.799999999999997,280
-24.599999999999994,280
-24.39999999999999,280
-24.19999999999999,280
-24.0,280
-23.799999999999997,280
-23.599999999999994,280
-23.39999999999999,280
-23.19999999999999,280
-23.0,280
-22.799999999999997,280
-22.599999999999994,280
-22.39999999999999,280
-22.19999999999999,280
-22.0,280
-21.799999999999997,280
-21.599999999999994,280
-21.39999999999999,280
-21.19999999999999,280
-21.0,280
-20.799999999999997,280
-20.599999999999994,280
-20.39999999999999,280
-20.19999999999999,280
-20.0,280
-19.799999999999997,280
-19.599999999999994,280
-19.39999999999999,280
-19.19999999999999,280
-19.0,280
-18.799999999999997,280
-18.599999999999994,280
-18.39999999999999,280
-18.19999999999999,280
-18.0,280
-17.799999999999997,280
-17.599999999999994,280
-17.39999999999999,280
-17.19999999999999,280
-17.0,280
-16.799999999999997,280
-16.599999999999994,280
-16.39999999999999,280
-16.19999999999999,280
-16.0,280
-15.799999999999997,280
-15.599999999999994,280
-15.399999999999991,280
-15.199999999999989,280
-15.0,280
-14.799999999999997,280
-14.599999999999994,280
-14.399999999999991,280
-14.199999999999989,280
-14.0,280
-13.799999999999997,280
-13.599999999999994,280
-13.399999999999991,280
-13.199999999999989,280
-13.0,280
-12.799999999999997,280
-12.599999999999994,280
-12.399999999999991,280
-12.199999999999989,280
-12.0,280
-11.799999999999997,280
-11.599999999999994,280
-11.399999999999991,280
-11.199999999999989,280
-11.0,280
-10.799999999999997,280
-10.599999999999994,280
-10.399999999999991,280
-10.199999999999989,280
-10.0,280
-9.799999999999997,280
-9.599999999999994,280
-9.399999999999991,280
-9.199999999999989,280
-9.0,280
-8.799999999999997,280
-8.599999999999994,280
-8.399999999999991,280
-8.199999999999989,280
-8.0,280
-7.799999999999997,280
-7.599999999999994,280
-7.3999999999999915,280
-7.199999999999989,280
-7.0,280
-6.799999999999997,280
-6.599999999999994,280
-6.3999999999999915,280
-6.199999999999989,280
-6.0,280
-5.799999999999997,280
-5.599999999999994,280
-5.3999999999999915,280
-5.199999999999989,280
-5.0,280
-4.799999999999997,280
-4.599999999999994,280
-4.3999999999999915,280
-4.199999999999989,280
-4.0,280
-3.799999999999997,280
-3.5999999999999943,280
-3.3999999999999915,280
-3.1999999999999886,280
-3.0,280
-2.799999999999997,280
-2.5999999999999943,280
-2.3999999999999915,280
-2.1999999999999886,280
-2.0,280
-1.7999999999999972,280
-1.5999999999999943,280
-1.3999999999999915,280
-1.1999999999999886,280
-1.0,280
-0.7999999999999972,280
-0.5999999999999943,280
-0.3999999999999915,280
-0.19999999999998863,280
0.0,280
0.20000000000000284,280
0.4000000000000057,280
0.6000000000000085,280
0.8000000000000114,280
1.0,280
1.2000000000000028,280
1.4000000000000057,280
1.6000000000000085,280
1.8000000000000114,280
2.0,280
2.200000000000003,280
2.4000000000000057,280
2.6000000000000085,280
2.8000000000000114,280
3.0,280
3.200000000000017,280
3.4000000000000057,280
3.5999999999999943,280
3.8000000000000114,280
4.0,280
4.200000000000017,280
4.400000000000006,280
4.599999999999994,280
4.800000000000011,280
5.0,280
5.200000000000017,280
5.400000000000006,280
5.599999999999994,280
5.800000000000011,280
6.0,280
6.200000000000017,280
6.400000000000006,280
6.599999999999994,280
6.800000000000011,280
7.0,280
7.200000000000017,280
7.400000000000006,280
7.599999999999994,280
7.800000000000011,280
8.0,280
8.200000000000017,280
8.400000000000006,280
8.599999999999994,280
8.800000000000011,280
9.0,280
9.200000000000017,280
9.400000000000006,280
9.599999999999994,280
9.800000000000011,280
10.0,280
10.200000000000017,280
10.400000000000006,280
10.599999999999994,280
10.800000000000011,280
11.0,280
11.200000000000017,280
11.400000000000006,280
11.599999999999994,280
11.800000000000011,280
12.0,280
12.200000000000017,280
12.400000000000006,280
12.599999999999994,280
12.800000000000011,280
13.0,280
13.200000000000017,280
13.400000000000006,280
13.599999999999994,280
13.800000000000011,280
14.0,280
14.200000000000017,280
14.400000000000006,280
14.599999999999994,280
14.800000000000011,280
15,280.0
15,279.79999999999995
15,279.6
15,279.4
15,279.2
15,279.0
15,278.79999999999995
15,278.6
15,278.4
15,278.2
15,278.0
15,277.79999999999995
15,277.6
15,277.4
15,277.2
15,277.0
15,276.79999999999995
15,276.6
15,276.4
15,276.2
15,276.0
15,275.79999999999995
15,275.6
15,275.4
15,275.2
15,275.0
15,274.79999999999995
15,274.6
15,274.4
15,274.2
15,274.0
15,273.79999999999995
15,273.6
15,273.4
15,273.2
15,273.0
15,272.79999999999995
15,272.6
15,272.4
15,272.2
15,272.0
15,271.79999999999995
15,271.6
15,271.4
15,271.2
15,271.0
15,270.79999999999995
15,270.6
15,270.4
15,270.2
15,270.0
15,269.79999999999995
15,269.6
15,269.4
15,269.2
15,269.0
15,268.79999999999995
15,268.6
15,268.4
15,268.2
15,268.0
15,267.79999999999995
15,267.6
15,267.4
15,267.2
15,267.0
15,266.79999999999995
15,266.6
15,266.4
15,266.2
15,266.0
15,265.79999999999995
15,265.6
15,265.4
15,265.2
15,265.0
15,264.79999999999995
15,264.6
15,264.4
15,264.2
15,264.0
15,263.79999999999995
15,263.6
15,263.4
15,263.2
15,263.0
15,262.79999999999995
15,262.6
15,262.4
15,262.2
15,262.0
15,261.79999999999995
15,261.6
15,261.4
15,261.2
15,261.0
15,260.79999999999995
15,260.6
15,260.4
15,260.2
15,260.0
15,259.79999999999995
15,259.6
15,259.4
15,259.2
15,259.0
15,258.79999999999995
15,258.6
15,258.4
15,258.2
15,258.0
15,257.79999999999995
15,257.6
15,257.4
15,257.2
15,257.0
15,256.79999999999995
15,256.6
15,256.4
15,256.2
15,256.0
15,255.79999999999998
15,255.6
15,255.39999999999998
15,255.2
15,255.0
15,254.79999999999998
15,254.6
15,254.39999999999998
15,254.2
15,254.0
15,253.79999999999998
15,253.6
15,253.39999999999998
15,253.2
15,253.0
15,252.79999999999998
15,252.6
15,252.39999999999998
15,252.2
15,252.0
15,251.79999999999998
15,251.6
15,251.39999999999998
15,251.2
15,251.0
15,250.79999999999998
15,250.6
15,250.39999999999998
15,250.2
15,250.0
15,249.79999999999998
15,249.6
15,249.39999999999998
15,249.2
15,249.0
15,248.79999999999998
15,248.6
15,248.39999999999998
15,248.2
15,248.0
15,247.79999999999998
15,247.6
15,247.39999999999998
15,247.2
15,247.0
15,246.79999999999998
15,246.6
15,246.39999999999998
15,246.2
15,246.0
15,245.79999999999998
15,245.6
15,245.39999999999998
15,245.2
15,245.0
15,244.79999999999998
15,244.6
15,244.39999999999998
15,244.2
15,244.0
15,243.79999999999998
15,243.6
15,243.39999999999998
15,243.2
15,243.0
15,242.79999999999998
15,242.6
15,242.39999999999998
15,242.2
15,242.0
15,241.79999999999998
15,241.6
15,241.39999999999998
15,241.2
15,241.0
15,240.79999999999998
15,240.6
15,240.39999999999998
15,240.2
15,240.0
15,239.79999999999998
15,239.6
15,239.39999999999998
15,239.2
15,239.0
15,238.79999999999998
15,238.6
15,238.39999999999998
15,238.2
15,238.0
15,237.79999999999998
15,237.6
15,237.39999999999998
15,237.2
15,237.0
15,236.79999999999998
15,236.6
15,236.39999999999998
15,236.2
15,236.0
15,235.79999999999998
15,235.6
15,235.39999999999998
15,235.2
15,235.0
15,234.79999999999998
15,234.6
15,234.39999999999998
15,234.2
15,234.0
15,233.79999999999998
15,233.6
15,233.39999999999998
15,233.2
15,233.0
15,232.79999999999998
15,232.6
15,232.39999999999998
15,232.2
15,232.0
15,231.79999999999998
15,231.6
15,231.39999999999998
15,231.2
15,231.0
15,230.79999999999998
15,230.6
15,230.39999999999998
15,230.2
15,230.0
15,229.79999999999998
15,229.6
15,229.39999999999998
15,229.2
15,229.0
15,228.79999999999998
15,228.6
15,228.39999999999998
15,228.2
15,228.0
15,227.79999999999998
15,227.6
15,227.39999999999998
15,227.2
15,227.0
15,226.79999999999998
15,226.6
15,226.39999999999998
15,226.2
15,226.0
15,225.79999999999998
15,225.6
15,225.39999999999998
15,225.2
15,225.0
15,224.79999999999998
15,224.6
15,224.39999999999998
15,224.2
15,224.0
15,223.79999999999998
15,223.6
15,223.39999999999998
15,223.2
15,223.0
15,222.79999999999998
15,222.6
15,222.39999999999998
15,222.2
15,222.0
15,221.79999999999998
15,221.6
15,221.39999999999998
15,221.2
15,221.0
15,220.79999999999998
15,220.6
15,220.39999999999998
15,220.2
15,220.0
15,219.79999999999998
15,219.6
15,219.39999999999998
15,219.2
15,219.0
15,218.79999999999998
15,218.6
15,218.39999999999998
15,218.2
15,218.0
15,217.79999999999998
15,217.6
15,217.39999999999998
15,217.2
15,217.0
15,216.79999999999998
15,216.6
15,216.39999999999998
15,216.2
15,216.0
15,215.79999999999998
15,215.6
15,215.39999999999998
15,215.2
15,215.0
15,214.79999999999998
15,214.6
15,214.39999999999998
15,214.2
15,214.0
15,213.79999999999998
15,213.6
15,213.39999999999998
15,213.2
15,213.0
15,212.79999999999998
15,212.6
15,212.39999999999998
15,212.2
15,212.0
15,211.79999999999998
15,211.6
15,211.39999999999998
15,211.2
15,211.0
15,210.79999999999998
15,210.6
15,210.39999999999998
15,210.2
15,210.0
15,209.79999999999998
15,209.6
15,209.39999999999998
15,209.2
15,209.0
15,208.79999999999998
15,208.6
15,208.39999999999998
15,208.2
15,208.0
15,207.79999999999998
15,207.6
15,207.39999999999998
15,207.2
15,207.0
15,206.79999999999998
15,206.6
15,206.39999999999998
15,206.2
15,206.0
15,205.79999999999998
15,205.6
15,205.39999999999998
15,205.2
15,205.0
15,204.79999999999998
15,204.6
15,204.39999999999998
15,204.2
15,204.0
15,203.79999999999998
15,203.6
15,203.39999999999998
15,203.2
15,203.0
15,202.79999999999998
15,202.6
15,202.39999999999998
15,202.2
15,202.0
15,201.79999999999998
15,201.6
15,201.39999999999998
15,201.2
15,201.0
15,200.79999999999998
15,200.6
15,200.39999999999998
15,200.2
15,200.0
15,199.79999999999998
15,199.6
15,199.39999999999998
15,199.2
15,199.0
15,198.79999999999998
15,198.6
15,198.39999999999998
15,198.2
15,198.0
15,197.79999999999998
15,197.6
15,197.39999999999998
15,197.2
15,197.0
15,196.79999999999998
15,196.6
15,196.39999999999998
15,196.2
15,196.0
15,195.79999999999998
15,195.6
15,195.39999999999998
15,195.2
15,195.0
15,194.79999999999998
15,194.6
15,194.39999999999998
15,194.2
15,194.0
15,193.79999999999998
15,193.6
15,193.39999999999998
15,193.2
15,193.0
15,192.79999999999998
15,192.6
15,192.39999999999998
15,192.2
15,192.0
15,191.79999999999998
15,191.6
15,191.39999999999998
15,191.2
15,191.0
15,190.79999999999998
15,190.6
15,190.39999999999998
15,190.2
15,190.0
15,189.79999999999998
15,189.6
15,189.39999999999998
15,189.2
15,189.0
15,188.79999999999998
15,188.6
15,188.39999999999998
15,188.2
15,188.0
15,187.79999999999998
15,187.6
15,187.39999999999998
15,187.2
15,187.0
15,186.79999999999998
15,186.6
15,186.39999999999998
15,186.2
15,186.0
15,185.79999999999998
15,185.6
15,185.39999999999998
15,185.2
15,185.0
15,184.79999999999998
15,184.6
15,184.39999999999998
15,184.2
15,184.0
15,183.79999999999998
15,183.6
15,183.39999999999998
15,183.2
15,183.0
15,182.79999999999998
15,182.6
15,182.39999999999998
15,182.2
15,182.0
15,181.79999999999998
15,181.6
15,181.39999999999998
15,181.2
15,181.0
15,180.79999999999998
15,180.6
15,180.39999999999998
15,180.2
15,180.0
15,179.79999999999998
15,179.6
15,179.39999999999998
15,179.2
15,179.0
15,178.79999999999998
15,178.6
15,178.39999999999998
15,178.2
15,178.0
15,177.79999999999998
15,177.6
15,177.39999999999998
15,177.2
15,177.0
15,176.79999999999998
15,176.6
15,176.39999999999998
15,176.2
15,176.0
15,175.79999999999998
15,175.6
15,175.39999999999998
15,175.2
15,175.0
15,174.79999999999998
15,174.6
15,174.39999999999998
15,174.2
15,174.0
15,173.79999999999998
15,173.6
15,173.39999999999998
15,173.2
15,173.0
15,172.79999999999998
15,172.6
15,172.39999999999998
15,172.2
15,172.0
15,171.79999999999998
15,171.6
15,171.39999999999998
15,171.2
15,171.0
15,170.79999999999998
15,170.6
15,170.39999999999998
15,170.2
15,170.0
15,169.79999999999998
15,169.6
15,169.39999999999998
15,169.2
15,169.0
15,168.79999999999998
15,168.6
15,168.39999999999998
15,168.2
15,168.0
15,167.79999999999998
15,167.6
15,167.39999999999998
15,167.2
15,167.0
15,166.79999999999998
15,166.6
15,166.39999999999998
15,166.2
15,166.0
15,165.79999999999998
15,165.6
15,165.39999999999998
15,165.2
15,165.0
15,164.79999999999998
15,164.6
15,164.39999999999998
15,164.2
15,164.0
15,163.8
15,163.59999999999997
15,163.39999999999998
15,163.2
15,163.0
15,162.8
15,162.59999999999997
15,162.39999999999998
15,162.2
15,162.0
15,161.8
15,161.59999999999997
15,161.39999999999998
15,161.2
15,161.0
15,160.8
15,160.59999999999997
15,160.39999999999998
15,160.2
15,160.0
15,159.8
15,159.59999999999997
15,159.39999999999998
15,159.2
15,159.0
15,158.8
15,158.59999999999997
15,158.39999999999998
15,158.2
15,158.0
15,157.8
15,157.59999999999997
15,157.39999999999998
15,157.2
15,157.0
15,156.8
15,156.59999999999997
15,156.39999999999998
15,156.2
15,156.0
15,155.8
15,155.59999999999997
15,155.39999999999998
15,155.2
15,155.0
15,154.8
15,154.59999999999997
15,154.39999999999998
15,154.2
15,154.0
15,153.8
15,153.59999999999997
15,153.39999999999998
15,153.2
15,153.0
15,152.8
15,152.59999999999997
15,152.39999999999998
15,152.2
15,152.0
15,151.8
15,151.59999999999997
15,151.39999999999998
15,151.2
15,151.0
15,150.8
15,150.59999999999997
15,150.39999999999998
15,150.2
15,150.0
15,149.8
15,149.59999999999997
15,149.39999999999998
15,149.2
15,149.0
15,148.8
15,148.59999999999997
15,148.39999999999998
15,148.2
15,148.0
15,147.8
15,147.59999999999997
15,147.39999999999998
15,147.2
15,147.0
15,146.8
15,146.59999999999997
15,146.39999999999998
15,146.2
15,146.0
15,145.8
15,145.59999999999997
15,145.39999999999998
15,145.2
15,145.0
15,144.8
15,144.59999999999997
15,144.39999999999998
15,144.2
15,144.0
15,143.8
15,143.59999999999997
15,143.39999999999998
15,143.2
15,143.0
15,142.8
15,142.59999999999997
15,142.39999999999998
15,142.2
15,142.0
15,141.8
15,141.59999999999997
15,141.39999999999998
15,141.2
15,141.0
15,140.8
15,140.59999999999997
15,140.39999999999998
15,140.2
15.0,140
14.800000000000011,140
14.599999999999966,140
14.399999999999977,140
14.199999999999989,140
14.0,140
13.800000000000011,140
13.599999999999966,140
13.399999999999977,140
13.199999999999989,140
13.0,140
12.800000000000011,140
12.599999999999966,140
12.399999999999977,140
12.199999999999989,140
12.0,140
11.800000000000011,140
11.599999999999966,140
11.399999999999977,140
11.199999999999989,140
11.0,140
10.800000000000011,140
10.599999999999966,140
10.399999999999977,140
10.199999999999989,140
10.0,140
9.800000000000011,140
9.599999999999966,140
9.399999999999977,140
9.199999999999989,140
9.0,140
8.800000000000011,140
8.599999999999966,140
8.399999999999977,140
8.199999999999989,140
8.0,140
7.800000000000011,140
7.599999999999966,140
7.399999999999977,140
7.199999999999989,140
7.0,140
6.800000000000011,140
6.599999999999966,140
6.399999999999977,140
6.199999999999989,140
6.0,140
5.800000000000011,140
5.599999999999966,140
5.399999999999977,140
5.199999999999989,140
5.0,140
4.800000000000011,140
4.599999999999966,140
4.399999999999977,140
4.199999999999989,140
4.0,140
3.8000000000000114,140
3.599999999999966,140
3.3999999999999773,140
3.1999999999999886,140
3.0,140
2.8000000000000114,140
2.599999999999966,140
2.3999999999999773,140
2.1999999999999886,140
2.0,140
1.8000000000000114,140
1.599999999999966,140
1.3999999999999773,140
1.1999999999999886,140
1.0,140
0.8000000000000114,140
0.5999999999999659,140
0.39999999999997726,140
0.19999999999998863,140
0.0,140
-0.19999999999998863,140
-0.4000000000000341,140
-0.6000000000000227,140
-0.8000000000000114,140
-1.0,140
-1.1999999999999886,140
-1.400000000000034,140
-1.6000000000000227,140
-1.8000000000000114,140
-2.0,140
-2.1999999999999886,140
-2.400000000000034,140
-2.6000000000000227,140
-2.8000000000000114,140
-3.0,140
-3.1999999999999886,140
-3.400000000000034,140
-3.6000000000000227,140
-3.8000000000000114,140
-4.0,140
-4.199999999999989,140
-4.400000000000034,140
-4.600000000000023,140
-4.800000000000011,140
-5.0,140
-5.199999999999989,140
-5.400000000000034,140
-5.600000000000023,140
-5.800000000000011,140
-6.0,140
-6.199999999999989,140
-6.400000000000034,140
-6.600000000000023,140
-6.800000000000011,140
-7.0,140
-7.199999999999989,140
-7.400000000000034,140
-7.600000000000023,140
-7.800000000000011,140
-8.0,140
-8.199999999999989,140
-8.400000000000034,140
-8.600000000000023,140
-8.800000000000011,140
-9.0,140
-9.199999999999989,140
-9.400000000000034,140
-9.600000000000023,140
-9.800000000000011,140
-10.0,140
-10.199999999999989,140
-10.400000000000034,140
-10.600000000000023,140
-10.800000000000011,140
-11.0,140
-11.199999999999989,140
-11.400000000000034,140
-11.600000000000023,140
-11.800000000000011,140
-12.0,140
-12.200000000000045,140
-12.400000000000034,140
-12.600000000000023,140
-12.800000000000011,140
-13.0,140
-13.200000000000045,140
-13.400000000000034,140
-13.600000000000023,140
-13.800000000000011,140
-14.0,140
-14.200000000000045,140
-14.400000000000034,140
-14.600000000000023,140
-14.800000000000011,140
-15.0,140
-15.200000000000045,140
-15.400000000000034,140
-15.600000000000023,140
-15.800000000000011,140
-16.0,140
-16.200000000000045,140
-16.400000000000034,140
-16.600000000000023,140
-16.80000000000001,140
-17.0,140
-17.200000000000045,140
-17.400000000000034,140
-17.600000000000023,140
-17.80000000000001,140
-18.0,140
-18.200000000000045,140
-18.400000000000034,140
-18.600000000000023,140
-18.80000000000001,140
-19.0,140
-19.200000000000045,140
-19.400000000000034,140
-19.600000000000023,140
-19.80000000000001,140
-20.0,140
-20.200000000000045,140
-20.400000000000034,140
-20.600000000000023,140
-20.80000000000001,140
-21.0,140
-21.200000000000045,140
-21.400000000000034,140
-21.600000000000023,140
-21.80000000000001,140
-22.0,140
-22.200000000000045,140
-22.400000000000034,140
-22.600000000000023,140
-22.80000000000001,140
-23.0,140
-23.200000000000045,140
-23.400000000000034,140
-23.600000000000023,140
-23.80000000000001,140
-24.0,140
-24.200000000000045,140
-24.400000000000034,140
-24.600000000000023,140
-24.80000000000001,140
-25.0,140
-25.200000000000045,140
-25.400000000000034,140
-25.600000000000023,140
-25.80000000000001,140
-26.0,140
-26.200000000000045,140
-26.400000000000034,140
-26.600000000000023,140
-26.80000000000001,140
-27.0,140
-27.200000000000045,140
-27.400000000000034,140
-27.600000000000023,140
-27.80000000000001,140
-28.0,140
-28.200000000000045,140
-28.400000000000034,140
-28.600000000000023,140
-28.80000000000001,140
-29.0,140
-29.200000000000045,140
-29.400000000000034,140
-29.600000000000023,140
-29.80000000000001,140
-30.0,140
-30.200000000000045,140
-30.400000000000034,140
-30.600000000000023,140
-30.80000000000001,140
-31.0,140
-31.200000000000045,140
-31.400000000000034,140
-31.600000000000023,140
-31.80000000000001,140
-32.0,140
-32.200000000000045,140
-32.400000000000034,140
-32.60000000000002,140
-32.80000000000001,140
-33.0,140
-33.200000000000045,140
-33.400000000000034,140
-33.60000000000002,140
-33.80000000000001,140
-34.0,140
-34.200000000000045,140
-34.400000000000034,140
-34.60000000000002,140
-34.80000000000001,140
-35.0,140
-35.200000000000045,140
-35.400000000000034,140
-35.60000000000002,140
-35.80000000000001,140
-36.0,140
-36.200000000000045,140
-36.400000000000034,140
-36.60000000000002,140
-36.80000000000001,140
-37.0,140
-37.200000000000045,140
-37.400000000000034,140
-37.60000000000002,140
-37.80000000000001,140
-38.0,140
-38.200000000000045,140
-38.400000000000034,140
-38.60000000000002,140
-38.80000000000001,140
-39.0,140
-39.200000000000045,140
-39.400000000000034,140
-39.60000000000002,140
-39.80000000000001,140
-40.0,140
-40.200000000000045,140
-40.400000000000034,140
-40.60000000000002,140
-40.80000000000001,140
-41.0,140
-41.200000000000045,140
-41.400000000000034,140
-41.60000000000002,140
-41.80000000000001,140
-42.0,140
-42.200000000000045,140
-42.400000000000034,140
-42.60000000000002,140
-42.80000000000001,140
-43.0,140
-43.200000000000045,140
-43.400000000000034,140
-43.60000000000002,140
-43.80000000000001,140
-44.0,140
-44.200000000000045,140
-44.400000000000034,140
-44.60000000000002,140
-44.80000000000001,140
-45.0,140
-45.200000000000045,140
-45.400000000000034,140
-45.60000000000002,140
-45.80000000000001,140
-46.0,140
-46.200000000000045,140
-46.400000000000034,140
-46.60000000000002,140
-46.80000000000001,140
-47.0,140
-47.200000000000045,140
-47.400000000000034,140
-47.60000000000002,140
-47.80000000000001,140
-48.0,140
-48.200000000000045,140
-48.400000000000034,140
-48.60000000000002,140
-48.80000000000001,140
-49.0,140
-49.200000000000045,140
-49.400000000000034,140
-49.60000000000002,140
-49.80000000000001,140
-50.0,140
-50.200000000000045,140
-50.400000000000034,140
-50.60000000000002,140
-50.80000000000001,140
-51.0,140
-51.200000000000045,140
-51.400000000000034,140
-51.60000000000002,140
-51.80000000000001,140
-52.0,140
-52.200000000000045,140
-52.400000000000034,140
-52.60000000000002,140
-52.80000000000001,140
-53.0,140
-53.200000000000045,140
-53.400000000000034,140
-53.60000000000002,140
-53.80000000000001,140
-54.0,140
-54.200000000000045,140
-54.400000000000034,140
-54.60000000000002,140
-54.80000000000001,140
-55.0,140
-55.200000000000045,140
-55.400000000000034,140
-55.60000000000002,140
-55.80000000000001,140
-56.0,140
-56.200000000000045,140
-56.400000000000034,140
-56.60000000000002,140
-56.80000000000001,140
-57.0,140
-57.200000000000045,140
-57.400000000000034,140
-57.60000000000002,140
-57.80000000000001,140
-58.0,140
-58.200000000000045,140
-58.400000000000034,140
-58.60000000000002,140
-58.80000000000001,140
-59.0,140
-59.200000000000045,140
-59.400000000000034,140
-59.60000000000002,140
-59.80000000000001,140
-60.0,140
-60.200000000000045,140
-60.400000000000034,140
-60.60000000000002,140
-60.80000000000001,140
-61.0,140
-61.200000000000045,140
-61.400000000000034,140
-61.60000000000002,140
-61.80000000000001,140
-62.0,140
-62.200000000000045,140
-62.400000000000034,140
-62.60000000000002,140
-62.80000000000001,140
-63.0,140
-63.200000000000045,140
-63.400000000000034,140
-63.60000000000002,140
-63.80000000000001,140
-64.0,140
-64.20000000000005,140
-64.40000000000003,140
-64.60000000000002,140
-64.80000000000001,140
-65.0,140
-65.20000000000005,140
-65.40000000000003,140
-65.60000000000002,140
-65.80000000000001,140
-66.0,140
-66.20000000000005,140
-66.40000000000003,140
-66.60000000000002,140
-66.80000000000001,140
-67.0,140
-67.20000000000005,140
-67.40000000000003,140
-67.60000000000002,140
-67.80000000000001,140
-68.0,140
-68.20000000000005,140
-68.40000000000003,140
-68.60000000000002,140
-68.80000000000001,140
-69.0,140
-69.20000000000005,140
-69.40000000000003,140
-69.60000000000002,140
-69.80000000000001,140
-70.0,140
-70.20000000000005,140
-70.40000000000003,140
-70.60000000000002,140
-70.80000000000001,140
-71.0,140
-71.20000000000005,140
-71.40000000000003,140
-71.60000000000002,140
-71.80000000000001,140
-72.0,140
-72.20000000000005,140
-72.40000000000003,140
-72.60000000000002,140
-72.80000000000001,140
-73.0,140
-73.20000000000005,140
-73.40000000000003,140
-73.60000000000002,140
-73.80000000000001,140
-74.0,140
-74.20000000000005,140
-74.40000000000003,140
-74.60000000000002,140
-74.80000000000001,140
-75.0,140
-75.20000000000005,140
-75.40000000000003,140
-75.60000000000002,140
-75.80000000000001,140
-76.0,140
-76.20000000000005,140
-76.40000000000003,140
-76.60000000000002,140
-76.80000000000001,140
-77.0,140
-77.20000000000005,140
-77.40000000000003,140
-77.60000000000002,140
-77.80000000000001,140
-78.0,140
-78.20000000000005,140
-78.40000000000003,140
-78.60000000000002,140
-78.80000000000001,140
-79.0,140
-79.20000000000005,140
-79.40000000000003,140
-79.60000000000002,140
-79.80000000000001,140
-80.0,140
-80.20000000000005,140
-80.40000000000003,140
-80.60000000000002,140
-80.80000000000001,140
-81.0,140
-81.20000000000005,140
-81.40000000000003,140
-81.60000000000002,140
-81.80000000000001,140
-82.0,140
-82.20000000000005,140
-82.40000000000003,140
-82.60000000000002,140
-82.80000000000001,140
-83.0,140
-83.20000000000005,140
-83.40000000000003,140
-83.60000000000002,140
-83.80000000000001,140
-84.0,140
-84.20000000000005,140
-84.40000000000003,140
-84.60000000000002,140
-84.80000000000001,140
-85.0,140
-85.20000000000005,140
-85.40000000000003,140
-85.60000000000002,140
-85.80000000000001,140
-86.0,140
-86.20000000000005,140
-86.40000000000003,140
-86.60000000000002,140
-86.80000000000001,140
-87.0,140
-87.20000000000005,140
-87.40000000000003,140
-87.60000000000002,140
-87.80000000000001,140
-88.0,140
-88.20000000000005,140
-88.40000000000003,140
-88.60000000000002,140
-88.80000000000001,140
-89.0,140
-89.20000000000005,140
-89.40000000000003,140
-89.60000000000002,140
-89.80000000000001,140
-90.0,140
-90.20000000000005,140
-90.40000000000003,140
-90.60000000000002,140
-90.80000000000001,140
-91.0,140
-91.20000000000005,140
-91.40000000000003,140
-91.60000000000002,140
-91.80000000000001,140
-92.0,140
-92.20000000000005,140
-92.40000000000003,140
-92.60000000000002,140
-92.80000000000001,140
-93.0,140
-93.20000000000005,140
-93.40000000000003,140
-93.60000000000002,140
-93.80000000000001,140
-94.0,140
-94.20000000000005,140
-94.40000000000003,140
-94.60000000000002,140
-94.80000000000001,140
-95.0,140
-95.20000000000005,140
-95.40000000000003,140
-95.60000000000002,140
-95.80000000000001,140
-96.0,140
-96.20000000000005,140
-96.40000000000003,140
-96.60000000000002,140
-96.80000000000001,140
-97.0,140
-97.20000000000005,140
-97.40000000000003,140
-97.60000000000002,140
-97.80000000000001,140
-98.0,140
-98.20000000000005,140
-98.40000000000003,140
-98.60000000000002,140
-98.80000000000001,140
-99.0,140
-99.20000000000005,140
-99.40000000000003,140
-99.60000000000002,140
-99.80000000000001,140
-100.0,140
-100.20000000000005,140
-100.40000000000003,140
-100.60000000000002,140
-100.80000000000001,140
-101.0,140
-101.20000000000005,140
-101.40000000000003,140
-101.60000000000002,140
-101.80000000000001,140
-102.0,140
-102.20000000000005,140
-102.40000000000003,140
-102.60000000000002,140
-102.80000000000001,140
-103.0,140
-103.20000000000005,140
-103.40000000000003,140
-103.60000000000002,140
-103.80000000000001,140
-104.0,140
-104.20000000000005,140
-104.40000000000003,140
-104.60000000000002,140
-104.80000000000001,140
-105.0,140
-105.20000000000005,140
-105.40000000000003,140
-105.60000000000002,140
-105.80000000000001,140
-106.0,140
-106.20000000000005,140
-106.40000000000003,140
-106.60000000000002,140
-106.80000000000001,140
-107.0,140
-107.20000000000005,140
-107.40000000000003,140
-107.60000000000002,140
-107.80000000000001,140
-108.0,140
-108.20000000000005,140
-108.40000000000003,140
-108.60000000000002,140
-108.80000000000001,140
-109.0,140
-109.20000000000005,140
-109.40000000000003,140
-109.60000000000002,140
-109.80000000000001,140
-110.0,140
-110.20000000000005,140
-110.40000000000003,140
-110.60000000000002,140
-110.80000000000001,140
-111.0,140
-111.20000000000005,140
-111.40000000000003,140
-111.60000000000002,140
-111.80000000000001,140
-112.0,140
-112.20000000000005,140
-112.40000000000003,140
-112.60000000000002,140
-112.80000000000001,140
-113.0,140
-113.20000000000005,140
-113.40000000000003,140
-113.60000000000002,140
-113.80000000000001,140
-114.0,140
-114.20000000000005,140
-114.40000000000003,140
-114.60000000000002,140
-114.80000000000001,140
-115.0,140
-115.20000000000005,140
-115.40000000000003,140
-115.60000000000002,140
-115.80000000000001,140
-116.0,140
-116.20000000000005,140
-116.40000000000003,140
-116.60000000000002,140
-116.80000000000001,140
-117.0,140
-117.20000000000005,140
-117.40000000000003,140
-117.60000000000002,140
-117.80000000000001,140
-118.0,140
-118.20000000000005,140
-118.40000000000003,140
-118.60000000000002,140
-118.80000000000001,140
-119.0,140
-119.20000000000005,140
-119.40000000000003,140
-119.60000000000002,140
-119.80000000000001,140
-120.0,140
-120.20000000000005,140
-120.40000000000003,140
-120.60000000000002,140
-120.80000000000001,140
-121.0,140
-121.20000000000005,140
-121.40000000000003,140
-121.60000000000002,140
-121.80000000000001,140
-122.0,140
-122.20000000000005,140
-122.40000000000003,140
-122.60000000000002,140
-122.80000000000001,140
-123.0,140
-123.20000000000005,140
-123.40000000000003,140
-123.60000000000002,140
-123.80000000000001,140
-124.0,140
-124.20000000000005,140
-124.40000000000003,140
-124.60000000000002,140
-124.80000000000001,140
-125,140.0
-125,140.20000000000005
-125,140.40000000000003
-125,140.60000000000002
-125,140.8
-125,141.0
-125,141.20000000000005
-125,141.40000000000003
-125,141.60000000000002
-125,141.8
-125,142.0
-125,142.20000000000005
-125,142.40000000000003
-125,142.60000000000002
-125,142.8
-125,143.0
-125,143.20000000000005
-125,143.40000000000003
-125,143.60000000000002
-125,143.8
-125,144.0
-125,144.20000000000005
-125,144.40000000000003
-125,144.60000000000002
-125,144.8
-125,145.0
-125,145.20000000000005
-125,145.40000000000003
-125,145.60000000000002
-125,145.8
-125,146.0
-125,146.20000000000005
-125,146.40000000000003
-125,146.60000000000002
-125,146.8
-125,147.0
-125,147.20000000000005
-125,147.40000000000003
-125,147.60000000000002
-125,147.8
-125,148.0
-125,148.20000000000005
-125,148.40000000000003
-125,148.60000000000002
-125,148.8
-125,149.0
-125,149.20000000000005
-125,149.40000000000003
-125,149.60000000000002
-125,149.8
-125,150.0
-125,150.20000000000005
-125,150.40000000000003
-125,150.60000000000002
-125,150.8
-125,151.0
-125,151.20000000000005
-125,151.40000000000003
-125,151.60000000000002
-125,151.8
-125,152.0
-125,152.20000000000005
-125,152.40000000000003
-125,152.60000000000002
-125,152.8
-125,153.0
-125,153.20000000000005
-125,153.40000000000003
-125,153.60000000000002
-125,153.8
-125,154.0
-125,154.20000000000005
-125,154.40000000000003
-125,154.60000000000002
-125,154.8
-125,155.0
-125,155.20000000000005
-125,155.40000000000003
-125,155.60000000000002
-125,155.8
-125,156.0
-125,156.20000000000005
-125,156.40000000000003
-125,156.60000000000002
-125,156.8
-125,157.0
-125,157.20000000000005
-125,157.40000000000003
-125,157.60000000000002
-125,157.8
-125,158.0
-125,158.20000000000005
-125,158.40000000000003
-125,158.60000000000002
-125,158.8
-125,159.0
-125,159.20000000000005
-125,159.40000000000003
-125,159.60000000000002
-125,159.8
-125,160.0
-125,160.20000000000005
-125,160.40000000000003
-125,160.60000000000002
-125,160.8
-125,161.0
-125,161.20000000000005
-125,161.40000000000003
-125,161.60000000000002
-125,161.8
-125,162.0
-125,162.20000000000005
-125,162.40000000000003
-125,162.60000000000002
-125,162.8
-125,163.0
-125,163.20000000000005
-125,163.40000000000003
-125,163.60000000000002
-125,163.8
-125,164.0
-125,164.20000000000005
-125,164.40000000000003
-125,164.60000000000002
-125,164.8
-125,165.0
-125,165.20000000000005
-125,165.40000000000003
-125,165.60000000000002
-125,165.8
-125,166.0
-125,166.20000000000005
-125,166.40000000000003
-125,166.60000000000002
-125,166.8
-125,167.0
-125,167.20000000000005
-125,167.40000000000003
-125,167.60000000000002
-125,167.8
-125,168.0
-125,168.20000000000005
-125,168.40000000000003
-125,168.60000000000002
-125,168.8
-125,169.0
-125,169.20000000000005
-125,169.40000000000003
-125,169.60000000000002
-125,169.8
-125,170.0
-125,170.20000000000005
-125,170.40000000000003
-125,170.60000000000002
-125,170.8
-125,171.0
-125,171.20000000000005
-125,171.40000000000003
-125,171.60000000000002
-125,171.8
-125,172.0
-125,172.20000000000005
-125,172.40000000000003
-125,172.60000000000002
-125,172.8
-125,173.0
-125,173.20000000000005
-125,173.40000000000003
-125,173.60000000000002
-125,173.8
-125,174.0
-125,174.20000000000005
-125,174.40000000000003
-125,174.60000000000002
-125,174.8
-125,175.0
-125,175.20000000000005
-125,175.40000000000003
-125,175.60000000000002
-125,175.8
-125,176.0
-125,176.20000000000005
-125,176.40000000000003
-125,176.60000000000002
-125,176.8
-125,177.0
-125,177.20000000000005
-125,177.40000000000003
-125,177.60000000000002
-125,177.8
-125,178.0
-125,178.20000000000005
-125,178.40000000000003
-125,178.60000000000002
-125,178.8
-125,179.0
-125,179.20000000000005
-125,179.40000000000003
-125,179.60000000000002
-125,179.8
-125,180.0
-125,180.20000000000005
-125,180.40000000000003
-125,180.60000000000002
-125,180.8
-125,181.0
-125,181.20000000000005
-125,181.40000000000003
-125,181.60000000000002
-125,181.8
-125,182.0
-125,182.20000000000005
-125,182.40000000000003
-125,182.60000000000002
-125,182.8
-125,183.0
-125,183.20000000000005
-125,183.40000000000003
-125,183.60000000000002
-125,183.8
-125,184.0
-125,184.20000000000005
-125,184.40000000000003
-125,184.60000000000002
-125,184.8
-125,185.0
-125,185.20000000000005
-125,185.40000000000003
-125,185.60000000000002
-125,185.8
-125,186.0
-125,186.20000000000005
-125,186.40000000000003
-125,186.60000000000002
-125,186.8
-125,187.0
-125,187.20000000000005
-125,187.40000000000003
-125,187.60000000000002
-125,187.8
-125,188.0
-125,188.20000000000005
-125,188.40000000000003
-125,188.60000000000002
-125,188.8
-125,189.0
-125,189.20000000000005
-125,189.40000000000003
-125,189.60000000000002
-125,189.8
-125,190.0
-125,190.20000000000005
-125,190.40000000000003
-125,190.60000000000002
-125,190.8
-125,191.0
-125,191.20000000000005
-125,191.40000000000003
-125,191.60000000000002
-125,191.8
-125,192.0
-125,192.20000000000005
-125,192.40000000000003
-125,192.60000000000002
-125,192.8
-125,193.0
-125,193.20000000000005
-125,193.40000000000003
-125,193.60000000000002
-125,193.8
-125,194.0
-125,194.20000000000005
-125,194.40000000000003
-125,194.60000000000002
-125,194.8
-125,195.0
-125,195.20000000000005
-125,195.40000000000003
-125,195.60000000000002
-125,195.8
-125,196.0
-125,196.20000000000005
-125,196.40000000000003
-125,196.60000000000002
-125,196.8
-125,197.0
-125,197.20000000000005
-125,197.40000000000003
-125,197.60000000000002
-125,197.8
-125,198.0
-125,198.20000000000005
-125,198.40000000000003
-125,198.60000000000002
-125,198.8
-125,199.0
-125,199.20000000000005
-125,199.40000000000003
-125,199.60000000000002
-125,199.8
-125,200.0
-125,200.20000000000005
-125,200.40000000000003
-125,200.60000000000002
-125,200.8
-125,201.0
-125,201.20000000000005
-125,201.40000000000003
-125,201.60000000000002
-125,201.8
-125,202.0
-125,202.20000000000005
-125,202.40000000000003
-125,202.60000000000002
-125,202.8
-125,203.0
-125,203.20000000000005
-125,203.40000000000003
-125,203.60000000000002
-125,203.8
-125,204.0
-125,204.20000000000005
-125,204.40000000000003
-125,204.60000000000002
-125,204.8
-125,205.0
-125,205.20000000000005
-125,205.40000000000003
-125,205.60000000000002
-125,205.8
-125,206.0
-125,206.20000000000005
-125,206.40000000000003
-125,206.60000000000002
-125,206.8
-125,207.0
-125,207.20000000000005
-125,207.40000000000003
-125,207.60000000000002
-125,207.8
-125,208.0
-125,208.20000000000005
-125,208.40000000000003
-125,208.60000000000002
-125,208.8
-125,209.0
-125,209.20000000000005
-125,209.40000000000003
-125,209.60000000000002
-125,209.8
-125,210.0
-125,210.20000000000005
-125,210.40000000000003
-125,210.60000000000002
-125,210.8
-125,211.0
-125,211.20000000000005
-125,211.40000000000003
-125,211.60000000000002
-125,211.8
-125,212.0
-125,212.20000000000005
-125,212.40000000000003
-125,212.60000000000002
-125,212.8
-125,213.0
-125,213.20000000000005
-125,213.40000000000003
-125,213.60000000000002
-125,213.8
-125,214.0
-125,214.20000000000005
-125,214.40000000000003
-125,214.60000000000002
-125,214.8
-125,215.0
-125,215.20000000000005
-125,215.40000000000003
-125,215.60000000000002
-125,215.8
-125,216.0
-125,216.20000000000005
-125,216.40000000000003
-125,216.60000000000002
-125,216.8
-125,217.0
-125,217.20000000000005
-125,217.40000000000003
-125,217.60000000000002
-125,217.8
-125,218.0
-125,218.20000000000005
-125,218.40000000000003
-125,218.60000000000002
-125,218.8
-125,219.0
-125,219.20000000000005
-125,219.40000000000003
-125,219.60000000000002
-125,219.8
-125,220.0
-125,220.20000000000005
-125,220.40000000000003
-125,220.60000000000002
-125,220.8
-125,221.0
-125,221.20000000000005
-125,221.40000000000003
-125,221.60000000000002
-125,221.8
-125,222.0
-125,222.20000000000005
-125,222.40000000000003
-125,222.60000000000002
-125,222.8
-125,223.0
-125,223.20000000000005
-125,223.40000000000003
-125,223.60000000000002
-125,223.8
-125,224.0
-125,224.20000000000005
-125,224.40000000000003
-125,224.60000000000002
-125,224.8
-125,225.0
-125,225.20000000000005
-125,225.40000000000003
-125,225.60000000000002
-125,225.8
-125,226.0
-125,226.20000000000005
-125,226.40000000000003
-125,226.60000000000002
-125,226.8
-125,227.0
-125,227.20000000000005
-125,227.40000000000003
-125,227.60000000000002
-125,227.8
-125,228.0
-125,228.20000000000005
-125,228.40000000000003
-125,228.60000000000002
-125,228.8
-125,229.0
-125,229.20000000000005
-125,229.40000000000003
-125,229.60000000000002
-125,229.8
-125,230.0
-125,230.20000000000005
-125,230.40000000000003
-125,230.60000000000002
-125,230.8
-125,231.0
-125,231.20000000000005
-125,231.40000000000003
-125,231.60000000000002
-125,231.8
-125,232.0
-125,232.20000000000005
-125,232.39999999999998
-125,232.60000000000002
-125,232.80000000000007
-125,233.0
-125,233.20000000000005
-125,233.39999999999998
-125,233.60000000000002
-125,233.80000000000007
-125,234.0
-125,234.20000000000005
-125,234.39999999999998
-125,234.60000000000002
-125,234.80000000000007
-125,235.0
-125,235.20000000000005
-125,235.39999999999998
-125,235.60000000000002
-125,235.80000000000007
-125,236.0
-125,236.20000000000005
-125,236.39999999999998
-125,236.60000000000002
-125,236.80000000000007
-125,237.0
-125,237.20000000000005
-125,237.39999999999998
-125,237.60000000000002
-125,237.80000000000007
-125,238.0
-125,238.20000000000005
-125,238.39999999999998
-125,238.60000000000002
-125,238.80000000000007
-125,239.0
-125,239.20000000000005
-125,239.39999999999998
-125,239.60000000000002
-125,239.80000000000007
-125,240.0
-125,240.20000000000005
-125,240.39999999999998
-125,240.60000000000002
-125,240.80000000000007
-125,241.0
-125,241.20000000000005
-125,241.39999999999998
-125,241.60000000000002
-125,241.80000000000007
-125,242.0
-125,242.20000000000005
-125,242.39999999999998
-125,242.60000000000002
-125,242.80000000000007
-125,243.0
-125,243.20000000000005
-125,243.39999999999998
-125,243.60000000000002
-125,243.80000000000007
-125,244.0
-125,244.20000000000005
-125,244.39999999999998
-125,244.60000000000002
-125,244.80000000000007
-125,245.0
-125,245.20000000000005
-125,245.39999999999998
-125,245.60000000000002
-125,245.80000000000007
-125,246.0
-125,246.20000000000005
-125,246.39999999999998
-125,246.60000000000002
-125,246.80000000000007
-125,247.0
-125,247.20000000000005
-125,247.39999999999998
-125,247.60000000000002
-125,247.80000000000007
-125,248.0
-125,248.20000000000005
-125,248.39999999999998
-125,248.60000000000002
-125,248.80000000000007
-125,249.0
-125,249.20000000000005
-125,249.39999999999998
-125,249.60000000000002
-125,249.80000000000007
-125,250.0
-125,250.20000000000005
-125,250.39999999999998
-125,250.60000000000002
-125,250.80000000000007
-125,251.0
-125,251.20000000000005
-125,251.39999999999998
-125,251.60000000000002
-125,251.80000000000007
-125,252.0
-125,252.20000000000005
-125,252.39999999999998
-125,252.60000000000002
-125,252.80000000000007
-125,253.0
-125,253.20000000000005
-125,253.39999999999998
-125,253.60000000000002
-125,253.80000000000007
-125,254.0
-125,254.20000000000005
-125,254.39999999999998
-125,254.60000000000002
-125,254.80000000000007
-125,255.0
-125,255.20000000000005
-125,255.39999999999998
-125,255.60000000000002
-125,255.80000000000007
-125,256.0
-125,256.20000000000005
-125,256.4
-125,256.6
-125,256.80000000000007
-125,257.0
-125,257.20000000000005
-125,257.4
-125,257.6
-125,257.80000000000007
-125,258.0
-125,258.20000000000005
-125,258.4
-125,258.6
-125,258.80000000000007
-125,259.0
-125,259.20000000000005
-125,259.4
-125,259.6
-125,259.80000000000007
-125,260.0
-125,260.20000000000005
-125,260.4
-125,260.6
-125,260.80000000000007
-125,261.0
-125,261.20000000000005
-125,261.4
-125,261.6
-125,261.80000000000007
-125,262.0
-125,262.20000000000005
-125,262.4
-125,262.6
-125,262.80000000000007
-125,263.0
-125,263.20000000000005
-125,263.4
-125,263.6
-125,263.80000000000007
-125,264.0
-125,264.20000000000005
-125,264.4
-125,264.6
-125,264.80000000000007
-125,265.0
-125,265.20000000000005
-125,265.4
-125,265.6
-125,265.80000000000007
-125,266.0
-125,266.20000000000005
-125,266.4
-125,266.6
-125,266.80000000000007
-125,267.0
-125,267.20000000000005
-125,267.4
-125,267.6
-125,267.80000000000007
-125,268.0
-125,268.20000000000005
-125,268.4
-125,268.6
-125,268.80000000000007
-125,269.0
-125,269.20000000000005
-125,269.4
-125,269.6
-125,269.80000000000007
-125,270.0
-125,270.20000000000005
-125,270.4
-125,270.6
-125,270.80000000000007
-125,271.0
-125,271.20000000000005
-125,271.4
-125,271.6
-125,271.80000000000007
-125,272.0
-125,272.20000000000005
-125,272.4
-125,272.6
-125,272.80000000000007
-125,273.0
-125,273.20000000000005
-125,273.4
-125,273.6
-125,273.80000000000007
-125,274.0
-125,274.20000000000005
-125,274.4
-125,274.6
-125,274.80000000000007
-125,275.0
-125,275.20000000000005
-125,275.4
-125,275.6
-125,275.80000000000007
-125,276.0
-125,276.20000000000005
-125,276.4
-125,276.6
-125,276.80000000000007
-125,277.0
-125,277.20000000000005
-125,277.4
-125,277.6
-125,277.80000000000007
-125,278.0
-125,278.20000000000005
-125,278.4
-125,278.6
-125,278.80000000000007
-125,279.0
-125,279.20000000000005
-125,279.4
-125,279.6
-125,279.80000000000007
